ts,open,high,low,close,volume
2025-03-25 08:00:00,86455.9,87500.0,86410.0,87376.1,1179.0447673
2025-03-25 12:00:00,87378.0,88262.0,86929.3,87768.1,1684.86699055
2025-03-25 16:00:00,87768.1,88328.0,87577.2,88114.4,959.90616915
2025-03-25 20:00:00,88112.1,88545.7,87134.5,87414.6,848.22786507
2025-03-26 00:00:00,87414.6,87898.0,87027.7,87159.0,698.49929255
2025-03-26 04:00:00,87159.0,88284.0,87048.0,88140.0,795.13136719
2025-03-26 08:00:00,88139.8,88267.9,87816.6,87956.8,1144.20305623
2025-03-26 12:00:00,87956.8,88020.0,86434.3,86740.8,2388.32303614
2025-03-26 16:00:00,86740.7,87056.4,85860.0,86552.0,1427.75763902
2025-03-26 20:00:00,86550.0,87400.0,86504.1,86926.2,959.38743421
2025-03-27 00:00:00,86926.3,87765.2,86799.9,87673.6,1098.49540817
2025-03-27 04:00:00,87673.6,87693.3,87241.3,87403.1,678.8140628
2025-03-27 08:00:00,87403.0,87599.9,86700.0,86940.1,1074.39722443
2025-03-27 12:00:00,86940.1,87570.8,85800.0,86970.9,2477.49903499
2025-03-27 16:00:00,86969.6,87425.9,86800.0,87062.7,751.18255616
2025-03-27 20:00:00,87062.7,87724.0,86931.8,87228.0,594.24525248
2025-03-28 00:00:00,87228.0,87504.4,86700.0,86793.8,2010.60924003
2025-03-28 04:00:00,86793.9,86838.7,85156.1,85202.0,2702.61632588
2025-03-28 08:00:00,85202.0,85440.0,84808.8,85249.9,1656.3839916
2025-03-28 12:00:00,85249.9,85631.5,83958.9,84051.5,2967.63495263
2025-03-28 16:00:00,84051.5,84216.2,83585.0,83795.9,1478.66540443
2025-03-28 20:00:00,83796.0,84544.9,83700.0,84427.3,1008.12069786
2025-03-29 00:00:00,84427.4,84626.7,83700.0,84154.3,681.62885543
2025-03-29 04:00:00,84154.2,84254.2,83663.1,83741.4,529.93239265
2025-03-29 08:00:00,83741.3,83957.9,82011.0,82293.2,1886.07377801
2025-03-29 12:00:00,82293.2,82893.9,82128.8,82418.4,813.15435982
2025-03-29 16:00:00,82418.4,82770.4,81644.2,82770.4,1256.79256873
2025-03-29 20:00:00,82770.4,82797.6,82260.0,82650.1,360.76897729
2025-03-30 00:00:00,82650.0,83513.4,82493.1,83080.3,730.36350423
2025-03-30 04:00:00,83080.3,83322.0,82865.2,83083.1,447.87522405
2025-03-30 08:00:00,83083.0,83535.4,82975.0,83126.0,538.23532543
2025-03-30 12:00:00,83127.8,83273.2,82528.8,82735.2,693.3745878
2025-03-30 16:00:00,82736.5,82914.5,82040.0,82549.9,2105.78578846
2025-03-30 20:00:00,82550.0,82760.2,81569.3,82398.2,652.42764422
2025-03-31 00:00:00,82398.4,82456.5,81268.5,81535.4,1072.25620762
2025-03-31 04:00:00,81535.9,82304.7,81407.4,81941.3,862.08147582
2025-03-31 08:00:00,81941.3,82275.3,81300.0,82204.4,971.91569358
2025-03-31 12:00:00,82202.6,83929.6,81666.6,83423.0,2298.51851729
2025-03-31 16:00:00,83420.7,83694.1,82394.5,82459.7,746.84320467
2025-03-31 20:00:00,82459.7,82895.4,82263.6,82556.9,492.75842277
2025-04-01 00:00:00,82556.9,83252.8,82429.6,82964.9,802.4256366
2025-04-01 04:00:00,82964.9,83599.9,82885.7,83452.7,647.54355845
2025-04-01 08:00:00,83452.8,84502.4,83431.9,83923.4,1700.6837999
2025-04-01 12:00:00,83923.4,85500.0,82536.2,85286.8,3200.50098787
2025-04-01 16:00:00,85288.2,85487.2,84697.2,84968.5,1242.39567238
2025-04-01 20:00:00,84968.5,85555.0,84768.2,85168.2,1013.44281315
2025-04-02 00:00:00,85168.3,85273.1,84507.4,84549.9,963.97938729
2025-04-02 04:00:00,84550.0,84735.1,83900.0,84420.6,858.62124163
2025-04-02 08:00:00,84420.7,85450.0,84260.0,84569.8,793.21630473
2025-04-02 12:00:00,84569.9,87344.0,84466.6,86752.4,3747.08037316
2025-04-02 16:00:00,86755.0,87328.5,86174.0,86896.0,1338.77938917
2025-04-02 20:00:00,86896.1,88500.0,82320.1,82513.2,6457.99497426
2025-04-03 00:00:00,82514.1,83937.3,82169.7,83483.7,2011.09728015
2025-04-03 04:00:00,83484.0,83742.0,83001.4,83456.1,1065.08244649
2025-04-03 08:00:00,83457.9,83791.1,83041.5,83093.1,929.09330921
2025-04-03 12:00:00,83093.0,83142.0,81203.0,82046.1,3487.96285952
2025-04-03 16:00:00,82046.1,82469.6,81543.7,82016.1,2213.87361075
2025-04-03 20:00:00,82016.0,83331.4,81798.8,83216.3,1015.3156039
2025-04-04 00:00:00,83216.4,83416.9,82590.1,82816.6,881.83796167
2025-04-04 04:00:00,82816.6,84026.4,82618.1,83999.7,1354.15202189
2025-04-04 08:00:00,83999.8,84725.0,81667.0,82682.0,3543.698463
2025-04-04 12:00:00,82682.0,83700.0,81840.6,82860.1,4559.28202783
2025-04-04 16:00:00,82862.0,84613.2,82736.8,84000.2,2404.9103312
2025-04-04 20:00:00,84000.1,84460.0,83479.7,83889.0,864.7377322
2025-04-05 00:00:00,83889.1,84268.7,83421.0,83630.8,579.8287146
2025-04-05 04:00:00,83630.0,83866.6,83331.9,83527.7,418.48243463
2025-04-05 08:00:00,83527.7,83915.4,83353.5,83469.0,1157.56796312
2025-04-05 12:00:00,83468.9,83566.9,82383.0,82620.5,1248.77630413
2025-04-05 16:00:00,82620.1,83149.5,82609.4,82862.4,273.7432729
2025-04-05 20:00:00,82862.4,83684.1,82820.1,83534.2,284.06045551
2025-04-06 00:00:00,83539.6,83793.7,83160.8,83346.0,467.08510217
2025-04-06 04:00:00,83345.9,83530.0,83025.1,83028.1,365.12381817
2025-04-06 08:00:00,83028.0,83168.0,82652.0,82843.6,651.92684848
2025-04-06 12:00:00,82842.5,83000.0,82216.0,82547.6,2094.19142547
2025-04-06 16:00:00,82547.6,82565.8,78688.7,79614.4,4010.95328975
2025-04-06 20:00:00,79614.5,79891.3,77142.8,78426.0,4444.30880424
2025-04-07 00:00:00,78427.1,79340.0,77350.0,77689.0,2171.54186744
2025-04-07 04:00:00,77688.9,77981.0,74501.6,75124.0,5976.34633249
2025-04-07 08:00:00,75124.0,77565.5,75088.9,76690.0,3011.96985399
2025-04-07 12:00:00,76691.5,81213.5,75775.5,78480.1,10081.43750153
2025-04-07 16:00:00,78480.0,79371.2,77293.5,78120.0,2902.63685455
2025-04-07 20:00:00,78127.8,80210.0,78100.1,79174.4,1077.74514968
2025-04-08 00:00:00,79174.4,80860.0,78776.7,79904.8,1553.0450371
2025-04-08 04:00:00,79904.8,80413.4,79216.0,79487.0,1071.42419842
2025-04-08 08:00:00,79486.0,80070.0,78818.4,79985.6,1222.51717747
2025-04-08 12:00:00,79985.6,80395.0,78176.6,78497.0,2704.77224407
2025-04-08 16:00:00,78496.9,78524.9,76353.0,76867.4,3186.8075346
2025-04-08 20:00:00,76867.5,77287.0,76243.3,76329.9,1347.25887944
2025-04-09 00:00:00,76329.9,76875.7,74627.5,75078.8,3161.5960799
2025-04-09 04:00:00,75073.5,77949.0,75000.0,77688.1,2664.29989705
2025-04-09 08:00:00,77688.0,77870.0,75774.2,76238.3,2911.30854394
2025-04-09 12:00:00,76238.4,78318.9,76030.3,77261.4,3675.74642721
2025-04-09 16:00:00,77269.2,82986.2,77134.6,82335.3,9040.42018678
2025-04-09 20:00:00,82335.3,83583.1,82000.1,82618.4,2161.41597801
2025-04-10 00:00:00,82618.3,82749.0,81466.7,81774.0,2239.97583361
2025-04-10 04:00:00,81774.0,82341.7,81300.0,81593.9,1358.70804413
2025-04-10 08:00:00,81594.0,82115.6,81331.7,81874.0,986.20410598
2025-04-10 12:00:00,81873.9,82521.8,78606.1,78750.7,5127.0832081
2025-04-10 16:00:00,78750.6,80041.4,78462.0,79641.8,3322.84837252
2025-04-10 20:00:00,79640.0,80033.2,79378.7,79599.5,722.18361543
2025-04-11 00:00:00,79592.0,80909.0,78970.9,80845.8,1957.87133521
2025-04-11 04:00:00,80844.9,81442.0,80512.1,81255.6,1447.45358339
2025-04-11 08:00:00,81255.6,82976.0,80780.1,82135.6,2652.57896266
2025-04-11 12:00:00,82139.1,83333.0,81342.8,82527.9,3289.34657852
2025-04-11 16:00:00,82528.0,84219.2,82012.6,83849.5,2349.70462199
2025-04-11 20:00:00,83849.5,84300.0,83143.8,83416.0,751.89231964
2025-04-12 00:00:00,83414.1,83566.5,82764.9,82968.1,1077.97212804
2025-04-12 04:00:00,82968.1,83800.0,82850.0,83715.9,1805.58175197
2025-04-12 08:00:00,83715.9,84023.2,83290.8,83520.4,652.97996152
2025-04-12 12:00:00,83520.4,85400.0,83468.5,84996.2,2356.56180379
2025-04-12 16:00:00,84996.2,85253.8,84422.0,84932.9,695.5282924
2025-04-12 20:00:00,84932.9,85888.0,84870.0,85268.0,882.05910739
2025-04-13 00:00:00,85268.1,86100.0,84716.0,85416.7,1433.64561729
2025-04-13 04:00:00,85416.7,85427.6,84376.4,84418.0,2110.69833754
2025-04-13 08:00:00,84417.9,84955.9,84204.0,84520.6,641.98551788
2025-04-13 12:00:00,84520.6,84696.1,83458.0,83850.8,2460.51022022
2025-04-13 16:00:00,83850.8,85024.0,83020.2,83983.3,1511.39856048
2025-04-13 20:00:00,83983.9,84436.7,83040.0,83760.0,1037.25076654
2025-04-14 00:00:00,83758.1,85534.4,83688.2,84569.3,1634.15789032
2025-04-14 04:00:00,84568.9,85106.8,84226.9,84586.0,826.68999027
2025-04-14 08:00:00,84586.1,84968.0,84254.0,84929.8,1229.04047022
2025-04-14 12:00:00,84929.8,85808.1,83711.0,84102.0,3260.66446679
2025-04-14 16:00:00,84106.7,85206.0,83859.3,84900.2,1469.82039245
2025-04-14 20:00:00,84900.2,84963.9,84413.2,84586.6,599.69093119
2025-04-15 00:00:00,84586.7,85416.6,84335.1,85380.6,789.25491745
2025-04-15 04:00:00,85380.7,85879.9,85157.1,85732.9,1077.90789546
2025-04-15 08:00:00,85732.9,86000.0,85334.5,85582.2,1345.57179735
2025-04-15 12:00:00,85584.0,86460.0,84625.1,84915.7,2437.30941773
2025-04-15 16:00:00,84917.7,85142.8,83900.0,83970.5,1348.988922
2025-04-15 20:00:00,83970.6,84228.4,83603.2,83650.7,1070.26138915
2025-04-16 00:00:00,83650.6,83948.2,83107.6,83679.9,998.44414724
2025-04-16 04:00:00,83679.9,83814.9,83216.7,83364.1,895.03254937
2025-04-16 08:00:00,83364.1,84118.5,83131.0,84044.8,823.08308658
2025-04-16 12:00:00,84045.4,85280.5,83500.3,84849.5,1639.20898662
2025-04-16 16:00:00,84849.9,85550.0,83276.6,84338.2,1803.95492267
2025-04-16 20:00:00,84336.4,84683.0,84024.1,84029.7,421.50335358
2025-04-17 00:00:00,84029.8,84496.3,83800.0,83998.0,519.60942502
2025-04-17 04:00:00,83998.0,85050.0,83895.7,84667.2,1050.88391231
2025-04-17 08:00:00,84667.1,84764.3,84177.7,84572.0,541.10424115
2025-04-17 12:00:00,84572.1,84869.0,83722.0,84544.6,1311.34542304
2025-04-17 16:00:00,84544.7,85489.0,84409.0,84849.9,2562.35305927
2025-04-17 20:00:00,84849.3,85148.4,84726.0,84955.0,504.19830092
2025-04-18 00:00:00,84955.1,85138.0,84724.9,84838.0,365.5921098
2025-04-18 04:00:00,84838.0,84852.3,84409.0,84666.1,598.71631714
2025-04-18 08:00:00,84666.1,84774.5,84476.1,84670.1,268.61127422
2025-04-18 12:00:00,84670.1,84771.9,84335.0,84375.2,528.57210972
2025-04-18 16:00:00,84375.2,84662.3,84300.0,84570.9,215.08736681
2025-04-18 20:00:00,84571.0,84690.3,84348.0,84468.6,355.92649909
2025-04-19 00:00:00,84468.6,85000.0,84370.0,84881.1,1043.31531571
2025-04-19 04:00:00,84881.2,85268.5,84881.2,85217.8,635.55906828
2025-04-19 08:00:00,85217.9,85465.0,85109.8,85225.9,906.84952818
2025-04-19 12:00:00,85226.0,85661.0,85076.0,85190.0,799.46004649
2025-04-19 16:00:00,85190.0,85329.9,84713.2,85096.1,435.39669485
2025-04-19 20:00:00,85096.2,85380.0,85018.5,85087.8,148.40476068
2025-04-20 00:00:00,85087.9,85350.1,85039.9,85172.0,383.84172998
2025-04-20 04:00:00,85172.0,85251.2,84645.9,84790.2,2364.52354495
2025-04-20 08:00:00,84790.2,84796.3,83941.7,84128.4,1420.48810981
2025-04-20 12:00:00,84128.4,84689.0,84100.1,84345.4,1450.91755677
2025-04-20 16:00:00,84345.4,84665.0,84259.4,84648.5,244.68811209
2025-04-20 20:00:00,84648.6,85300.0,84620.0,85183.7,845.15474388
2025-04-21 00:00:00,85183.8,87654.3,85143.4,87202.0,3791.08374622
2025-04-21 04:00:00,87202.1,87738.0,87050.0,87436.1,1076.37139793
2025-04-21 08:00:00,87436.1,87789.2,86637.6,86972.9,919.27823455
2025-04-21 12:00:00,86972.8,88466.0,86779.7,88042.5,3239.15179122
2025-04-21 16:00:00,88042.6,88260.0,86400.0,87410.2,2618.13496465
2025-04-21 20:00:00,87410.3,87624.9,86875.9,87516.1,545.95915124
2025-04-22 00:00:00,87512.1,88878.0,87062.8,88159.1,1980.33890031
2025-04-22 04:00:00,88156.8,88490.0,87965.5,88481.2,748.21184294
2025-04-22 08:00:00,88481.2,88698.0,88245.0,88615.9,833.73144162
2025-04-22 12:00:00,88615.5,91427.2,88480.0,90925.9,5258.25485782
2025-04-22 16:00:00,90926.0,91698.6,90612.0,91420.0,2036.97499919
2025-04-22 20:00:00,91419.2,94086.3,91049.5,93447.9,3162.25201281
2025-04-23 00:00:00,93448.0,93899.0,92602.0,93176.1,1624.25370747
2025-04-23 04:00:00,93176.2,94299.9,93022.0,94144.0,1767.95265854
2025-04-23 08:00:00,94144.0,94500.0,93330.6,93473.9,1635.11971616
2025-04-23 12:00:00,93473.8,94779.6,91935.8,93188.5,3320.38387959
2025-04-23 16:00:00,93188.5,94212.1,92903.2,93490.1,1220.81141439
2025-04-23 20:00:00,93490.0,93910.8,93223.2,93676.1,583.50773564
2025-04-24 00:00:00,93676.0,93773.1,92627.3,92659.2,875.59142827
2025-04-24 04:00:00,92659.3,92897.0,92089.8,92198.9,1151.29200135
2025-04-24 08:00:00,92198.8,92665.5,91662.9,92623.2,2164.89220671
2025-04-24 12:00:00,92623.3,93471.5,92434.5,93205.8,1403.22275285
2025-04-24 16:00:00,93205.8,93670.2,92670.1,93563.0,1107.50500895
2025-04-24 20:00:00,93560.1,93998.0,93026.0,93973.9,880.80769254
2025-04-25 00:00:00,93974.0,94433.3,92842.0,93316.0,1537.22288811
2025-04-25 04:00:00,93316.1,93874.7,93010.1,93773.5,1700.61126021
2025-04-25 08:00:00,93773.5,94640.8,93536.9,94625.0,1206.17461357
2025-04-25 12:00:00,94627.8,95768.4,93937.7,95067.6,3176.63174492
2025-04-25 16:00:00,95067.6,95550.0,94378.2,95283.8,1225.08359789
2025-04-25 20:00:00,95286.0,95342.0,94450.1,94640.0,473.50044645
2025-04-26 00:00:00,94645.1,95208.8,94555.1,94737.5,574.62259601
2025-04-26 04:00:00,94737.4,94840.0,94380.0,94562.1,708.89524066
2025-04-26 08:00:00,94562.1,94731.5,94000.0,94144.5,875.0191367
2025-04-26 12:00:00,94144.5,94399.9,93870.1,94366.0,907.52669021
2025-04-26 16:00:00,94366.0,94384.0,94023.9,94307.3,626.9041008
2025-04-26 20:00:00,94307.3,94900.0,94086.7,94631.8,620.38267302
2025-04-27 00:00:00,94631.8,95310.0,94050.0,94166.0,934.13654555
2025-04-27 04:00:00,94166.0,94299.0,93657.9,94080.7,734.24545826
2025-04-27 08:00:00,94081.9,94333.2,93885.6,93918.3,441.15674927
2025-04-27 12:00:00,93916.6,94186.0,93610.3,93902.1,511.06116447
2025-04-27 16:00:00,93902.1,94449.9,93718.3,94435.9,601.61904735
2025-04-27 20:00:00,94436.0,94544.0,93650.0,93744.0,475.04390804
2025-04-28 00:00:00,93744.0,93979.3,92774.1,93849.9,1659.66089364
2025-04-28 04:00:00,93849.9,94797.4,93849.9,94688.1,999.65867634
2025-04-28 08:00:00,94688.1,95550.1,94334.1,95313.8,2363.52348609
2025-04-28 12:00:00,95313.9,95600.0,93588.0,93840.0,2284.95738996
2025-04-28 16:00:00,93838.5,94933.3,93450.0,94799.9,1297.02016135
2025-04-28 20:00:00,94795.2,95178.0,94292.1,95014.6,748.89203781
2025-04-29 00:00:00,95014.6,95465.2,94440.0,94655.8,1142.67064736
2025-04-29 04:00:00,94655.9,94973.0,94200.0,94930.0,739.83610533
2025-04-29 08:00:00,94930.0,95294.0,94746.0,95126.3,804.781173
2025-04-29 12:00:00,95126.3,95300.0,94527.1,94840.4,998.31147332
2025-04-29 16:00:00,94840.5,95464.9,94655.6,95306.7,908.22979197
2025-04-29 20:00:00,95306.7,95410.1,93729.9,94242.0,1811.81489508
2025-04-30 00:00:00,94242.0,95111.0,94128.1,95036.0,763.58704422
2025-04-30 04:00:00,95036.0,95186.0,94500.0,94626.0,704.82039122
2025-04-30 08:00:00,94626.0,95236.0,94526.0,95181.5,534.25329228
2025-04-30 12:00:00,95181.6,95220.0,92914.1,94009.3,3013.12462899
2025-04-30 16:00:00,94007.3,94537.0,93528.1,94160.0,690.09743533
2025-04-30 20:00:00,94169.8,94786.3,93981.8,94163.1,631.62705677
2025-05-01 00:00:00,94163.1,95000.0,94125.5,94779.9,1023.84587607
2025-05-01 04:00:00,94780.0,95180.0,94702.8,95007.5,754.76959795
2025-05-01 08:00:00,95007.6,96394.0,94900.0,96183.5,1730.78030397
2025-05-01 12:00:00,96183.5,97426.0,95800.0,96849.8,3054.58352408
2025-05-01 16:00:00,96849.9,97365.2,96402.6,96555.4,2743.85410067
2025-05-01 20:00:00,96550.0,96894.7,96188.0,96488.2,652.53416838
2025-05-02 00:00:00,96488.0,97240.0,96468.0,97109.9,743.77085164
2025-05-02 04:00:00,97110.0,97300.0,96315.8,96362.4,1735.06092156
2025-05-02 08:00:00,96362.3,97100.0,96353.9,96933.3,1622.30202392
2025-05-02 12:00:00,96933.3,97896.0,96650.0,97331.1,1870.287618
2025-05-02 16:00:00,97331.1,97799.9,96756.0,96919.8,1093.65058252
2025-05-02 20:00:00,96920.0,97140.0,96555.2,96891.6,403.08276657
2025-05-03 00:00:00,96891.7,96929.3,96303.7,96336.0,917.10243674
2025-05-03 04:00:00,96336.0,96600.0,96123.0,96328.0,497.05478333
2025-05-03 08:00:00,96328.0,96444.3,95850.0,95944.0,1268.92642855
2025-05-03 12:00:00,95944.1,96514.0,95892.0,96428.0,591.09472319
2025-05-03 16:00:00,96428.0,96434.2,95875.7,96359.9,338.57633958
2025-05-03 20:00:00,96360.0,96448.0,95751.6,95861.6,435.6108887
2025-05-04 00:00:00,95860.1,96299.9,95600.0,95736.0,877.19222883
2025-05-04 04:00:00,95736.0,96148.0,95700.0,95895.3,384.14432534
2025-05-04 08:00:00,95895.3,95939.3,95294.2,95430.0,648.3759601
2025-05-04 12:00:00,95430.0,95696.9,95234.0,95467.6,412.48098233
2025-05-04 16:00:00,95467.6,95640.4,95242.5,95583.3,272.12481724
2025-05-04 20:00:00,95584.0,95760.4,94123.2,94273.7,1655.06616377
2025-05-05 00:00:00,94273.8,94800.0,93489.1,94044.0,1692.39888285
2025-05-05 04:00:00,94044.1,94825.6,94017.6,94759.9,747.10403104
2025-05-05 08:00:00,94760.0,94796.0,93900.1,94046.0,737.46313719
2025-05-05 12:00:00,94046.1,94550.0,93614.1,93782.8,1065.48969523
2025-05-05 16:00:00,93782.9,94916.8,93766.0,94351.0,561.63265655
2025-05-05 20:00:00,94350.0,95217.5,93873.5,94737.3,985.83806166
2025-05-06 00:00:00,94737.3,94935.0,94018.0,94466.4,580.83574119
2025-05-06 04:00:00,94466.5,94636.0,94305.9,94390.0,433.60250798
2025-05-06 08:00:00,94392.0,94400.0,93720.1,93814.0,839.12618497
2025-05-06 12:00:00,93814.1,94737.9,93390.1,94567.9,1822.6084109
2025-05-06 16:00:00,94568.0,95170.0,94214.5,94972.1,1173.28630939
2025-05-06 20:00:00,94972.0,96900.0,94454.1,96833.9,2207.00209086
2025-05-07 00:00:00,96834.0,97731.8,96213.3,96517.4,2138.20909683
2025-05-07 04:00:00,96517.5,97009.6,96324.0,96988.0,591.1451206
2025-05-07 08:00:00,96988.0,97118.0,96830.0,97053.0,590.58766703
2025-05-07 12:00:00,97053.0,97497.8,96715.2,96937.0,1056.02032213
2025-05-07 16:00:00,96937.0,96959.3,95788.9,96186.1,1326.38188778
2025-05-07 20:00:00,96187.9,97396.9,96072.2,97026.0,759.38458839
2025-05-08 00:00:00,97026.0,99233.9,96872.0,99148.6,2940.50584736
2025-05-08 04:00:00,99148.7,99421.9,98728.0,99263.7,1424.4807889
2025-05-08 08:00:00,99263.7,99900.0,99215.0,99419.3,1711.50828531
2025-05-08 12:00:00,99419.3,101546.6,99090.4,100763.4,3140.48648786
2025-05-08 16:00:00,100763.3,101714.2,100594.9,101317.0,1614.29893605
2025-05-08 20:00:00,101318.0,104295.8,101290.0,103270.0,2585.86695757
2025-05-09 00:00:00,103269.9,103274.0,102349.7,102451.1,1182.97370068
2025-05-09 04:00:00,102451.0,104366.0,102376.2,103630.0,2469.27177662
2025-05-09 08:00:00,103629.9,103942.0,102415.9,102962.6,1730.08752786
2025-05-09 12:00:00,102962.7,103791.1,102400.1,102904.0,1560.27024823
2025-05-09 16:00:00,102904.7,103373.0,102300.0,103199.9,966.06139091
2025-05-09 20:00:00,103195.9,103418.0,102738.7,102986.0,371.85979956
2025-05-10 00:00:00,102986.1,103272.9,102824.2,103222.0,400.01950028
2025-05-10 04:00:00,103222.1,104122.0,103035.2,103777.9,987.97912882
2025-05-10 08:00:00,103778.0,104091.1,103368.0,103432.2,779.88653174
2025-05-10 12:00:00,103432.3,103830.0,103100.6,103143.3,561.00467928
2025-05-10 16:00:00,103143.3,103631.1,103010.0,103195.5,971.33363863
2025-05-10 20:00:00,103195.5,104999.0,103064.9,104820.0,996.07452629
2025-05-11 00:00:00,104819.9,104968.1,103422.3,104000.0,1100.19260002
2025-05-11 04:00:00,104000.1,104400.0,103333.3,103380.7,690.06574222
2025-05-11 08:00:00,103380.0,104785.7,103370.1,104656.0,779.48715679
2025-05-11 12:00:00,104656.1,104900.0,103783.1,104134.6,1839.35406443
2025-05-11 16:00:00,104134.7,104833.2,103750.1,104416.0,530.28124164
2025-05-11 20:00:00,104416.1,104590.0,103571.4,104126.0,737.22705005
2025-05-12 00:00:00,104126.9,105150.0,103714.0,104099.9,1088.51883334
2025-05-12 04:00:00,104100.0,105850.0,103750.0,104481.1,2361.13746924
2025-05-12 08:00:00,104481.1,104736.5,103626.2,103767.8,1118.66923661
2025-05-12 12:00:00,103767.8,104651.8,102391.0,102520.1,2794.42640619
2025-05-12 16:00:00,102520.1,103082.1,100733.0,101859.5,1720.97855477
2025-05-12 20:00:00,101858.0,103136.9,101775.7,102790.0,478.97538391
2025-05-13 00:00:00,102790.1,102790.1,101418.1,101713.5,1171.68153752
2025-05-13 04:00:00,101713.4,102950.0,101613.4,102670.0,1093.12295818
2025-05-13 08:00:00,102669.9,103834.1,102540.1,103724.9,1046.79605774
2025-05-13 12:00:00,103729.8,103987.9,102804.1,103685.6,2029.33153151
2025-05-13 16:00:00,103685.5,104986.0,103534.9,104788.7,1578.38934427
2025-05-13 20:00:00,104788.7,104934.1,103875.6,104127.7,561.8489155
2025-05-14 00:00:00,104122.3,104129.4,103454.0,103593.2,701.1795002
2025-05-14 04:00:00,103593.2,103995.9,103388.0,103713.9,1012.39653185
2025-05-14 08:00:00,103711.9,104155.9,102856.9,103956.0,1343.11587291
2025-05-14 12:00:00,103955.9,104357.6,102851.0,103518.0,1277.11611822
2025-05-14 16:00:00,103518.1,103724.1,102608.3,103329.6,716.60055155
2025-05-14 20:00:00,103330.0,103671.6,103296.8,103500.0,303.28612738
2025-05-15 00:00:00,103500.1,103867.9,102710.0,102742.0,710.59822522
2025-05-15 04:00:00,102742.1,102970.0,101721.4,101788.0,1333.53329865
2025-05-15 08:00:00,101788.0,102443.9,101505.2,102375.9,984.38388743
2025-05-15 12:00:00,102375.9,103288.0,101355.2,103254.9,2034.86531181
2025-05-15 16:00:00,103254.1,104195.7,102555.1,103161.5,1437.83413167
2025-05-15 20:00:00,103160.0,103985.0,102710.6,103766.7,815.30601439
2025-05-16 00:00:00,103766.5,104464.0,103467.1,104023.3,903.08130973
2025-05-16 04:00:00,104025.4,104200.0,103694.0,103705.0,835.78493751
2025-05-16 08:00:00,103705.1,103914.0,103100.0,103672.0,656.12425375
2025-05-16 12:00:00,103672.0,104285.7,103339.3,104187.9,1079.13258242
2025-05-16 16:00:00,104188.0,104555.0,103585.6,104023.3,910.33282732
2025-05-16 20:00:00,104025.5,104036.0,103391.6,103461.2,560.42710226
2025-05-17 00:00:00,103461.2,103579.8,102600.0,103505.5,862.13920481
2025-05-17 04:00:00,103506.5,103729.1,103286.0,103450.0,697.27505937
2025-05-17 08:00:00,103449.9,103571.3,102750.1,102998.0,837.48484665
2025-05-17 12:00:00,102998.0,103187.9,102613.9,102950.0,817.09549718
2025-05-17 16:00:00,102950.1,103372.5,102763.0,103153.0,454.84163019
2025-05-17 20:00:00,103153.0,103480.0,102901.0,103133.6,250.72002901
2025-05-18 00:00:00,103133.7,103419.4,103100.1,103282.6,192.8893205
2025-05-18 04:00:00,103282.6,103976.3,103279.6,103927.9,864.716899
2025-05-18 08:00:00,103928.0,104087.9,103785.2,103802.2,537.6164333
2025-05-18 12:00:00,103803.9,105666.6,103698.6,105515.9,1676.8069228
2025-05-18 16:00:00,105515.9,106000.0,103858.6,103882.9,1708.11770204
2025-05-18 20:00:00,103882.4,106669.0,103270.7,106468.7,1902.84549303
2025-05-19 00:00:00,106468.9,107140.1,103546.2,103609.4,2058.11431756
2025-05-19 04:00:00,103610.0,103772.0,102080.4,103222.1,2992.366943
2025-05-19 08:00:00,103222.0,103445.1,102780.0,102960.5,780.12928434
2025-05-19 12:00:00,102960.5,104969.7,102155.7,104796.0,2009.01847102
2025-05-19 16:00:00,104796.0,105583.3,104498.3,105518.1,1448.20133438
2025-05-19 20:00:00,105513.7,105838.2,105024.7,105568.1,650.53303666
2025-05-20 00:00:00,105568.1,106867.0,105529.7,105755.7,1463.54605318
2025-05-20 04:00:00,105755.7,106400.0,104920.0,105018.3,1059.61746769
2025-05-20 08:00:00,105014.8,105434.9,104848.0,105206.0,1371.12705836
2025-05-20 12:00:00,105206.1,105401.7,104180.0,105340.4,1307.5487181
2025-05-20 16:00:00,105341.4,107254.2,105089.6,107017.9,1532.87744032
2025-05-20 20:00:00,107018.0,107308.7,105939.9,106846.1,1173.70266891
2025-05-21 00:00:00,106846.0,107210.0,106183.0,106838.0,971.51774188
2025-05-21 04:00:00,106839.0,107997.3,106444.1,106509.9,1926.87082539
2025-05-21 08:00:00,106506.1,106796.0,106086.1,106528.5,802.34609979
2025-05-21 12:00:00,106528.1,109458.0,106319.7,108972.0,2735.21989361
2025-05-21 16:00:00,108973.9,109860.0,106115.5,108618.1,4412.40613593
2025-05-21 20:00:00,108612.8,110804.2,107719.3,109642.8,2235.24396356
2025-05-22 00:00:00,109646.0,111880.0,109179.5,111773.9,2891.93400243
2025-05-22 04:00:00,111774.0,111791.5,110457.3,111038.3,2251.67904531
2025-05-22 08:00:00,111038.4,111333.0,110262.1,110983.7,1033.29499695
2025-05-22 12:00:00,110982.1,111616.0,110550.0,111317.8,1576.95775277
2025-05-22 16:00:00,111318.0,111963.0,110916.4,111200.0,1626.95407894
2025-05-22 20:00:00,111203.5,111728.0,110756.0,111701.9,479.40188953
2025-05-23 00:00:00,111702.0,111800.0,111016.0,111111.0,757.55405612
2025-05-23 04:00:00,111111.1,111191.4,110406.1,110721.9,1277.9841512
2025-05-23 08:00:00,110722.0,111378.0,108856.1,109085.3,1450.33580739
2025-05-23 12:00:00,109083.7,109999.9,107313.9,108940.6,3365.27716534
2025-05-23 16:00:00,108942.4,109812.2,108004.9,108714.5,2307.34852553
2025-05-23 20:00:00,108714.5,108730.1,106800.0,107324.0,1173.2036892
2025-05-24 00:00:00,107324.1,108371.9,106880.0,108370.0,621.50415405
2025-05-24 04:00:00,108370.0,108581.8,107567.7,107600.8,1086.54334731
2025-05-24 08:00:00,107600.8,109488.6,107600.8,109196.0,879.30635175
2025-05-24 12:00:00,109196.0,109279.9,108540.0,108939.3,726.3249004
2025-05-24 16:00:00,108939.3,109221.9,108680.0,108944.4,836.60871648
2025-05-24 20:00:00,108944.3,109120.5,107500.0,107767.2,900.6890302
2025-05-25 00:00:00,107767.3,108258.0,107192.4,108091.3,864.704938
2025-05-25 04:00:00,108091.3,108299.1,107440.1,107682.1,418.53587689
2025-05-25 08:00:00,107682.0,107698.0,106703.2,107250.0,1224.47314117
2025-05-25 12:00:00,107249.8,107743.8,106600.0,106973.3,898.52407517
2025-05-25 16:00:00,106973.3,107937.3,106648.2,107709.4,350.10976318
2025-05-25 20:00:00,107709.3,109315.3,107172.5,109004.9,985.92710566
2025-05-26 00:00:00,109004.9,109850.0,108666.7,109621.9,936.02391967
2025-05-26 04:00:00,109621.9,110214.8,109360.3,110089.0,922.01154662
2025-05-26 08:00:00,110089.1,110179.9,109556.1,109783.9,479.22590811
2025-05-26 12:00:00,109784.0,110411.2,109471.7,110004.9,982.83370016
2025-05-26 16:00:00,110007.1,110450.0,108851.1,109123.5,1616.02629167
2025-05-26 20:00:00,109123.4,109890.0,108932.1,109437.9,389.2052744
2025-05-27 00:00:00,109436.7,109677.9,107505.2,108886.4,1570.03966466
2025-05-27 04:00:00,108886.5,109634.0,108536.9,109539.7,704.02441789
2025-05-27 08:00:00,109540.0,109892.0,109420.8,109588.2,750.51398538
2025-05-27 12:00:00,109588.3,110729.0,108621.2,110145.7,2537.50926573
2025-05-27 16:00:00,110146.2,110512.0,109570.1,109885.1,1215.69342379
2025-05-27 20:00:00,109885.1,109903.0,108600.0,108936.0,647.75165367
2025-05-28 00:00:00,108936.0,109282.0,108400.0,108856.7,681.8198327
2025-05-28 04:00:00,108856.8,109086.8,108629.6,108816.2,556.81824301
2025-05-28 08:00:00,108816.2,109139.3,108250.0,108865.5,895.17337822
2025-05-28 12:00:00,108865.5,109060.0,107036.0,107113.1,1878.66005136
2025-05-28 16:00:00,107113.2,107846.1,106933.4,106934.7,1321.01851333
2025-05-28 20:00:00,106934.1,108048.5,106800.0,107783.9,673.5956862
2025-05-29 00:00:00,107783.9,108485.1,107412.6,108035.9,1010.46314579
2025-05-29 04:00:00,108036.0,108104.0,106930.8,107883.3,869.59034422
2025-05-29 08:00:00,107883.4,108897.5,107683.0,108781.2,1474.55171281
2025-05-29 12:00:00,108781.2,108800.0,106455.0,107034.0,5023.18250237
2025-05-29 16:00:00,107034.0,107180.0,105632.1,105723.5,2823.7540279
2025-05-29 20:00:00,105723.5,106479.2,105311.8,105586.1,756.91996381
2025-05-30 00:00:00,105586.1,106228.5,104600.0,106026.2,1301.12928344
2025-05-30 04:00:00,106026.2,106322.9,104710.5,105031.5,1518.2536951
2025-05-30 08:00:00,105031.6,105985.0,104595.4,105874.7,1074.19060174
2025-05-30 12:00:00,105874.8,105996.8,105043.7,105538.8,1134.54543331
2025-05-30 16:00:00,105538.8,105565.4,103700.1,104636.9,1685.5028177
2025-05-30 20:00:00,104636.8,104894.2,103621.1,103999.9,820.14914504
2025-05-31 00:00:00,104000.0,104299.9,103078.7,103675.4,962.32919295
2025-05-31 04:00:00,103675.5,103921.2,103480.1,103761.3,442.40592446
2025-05-31 08:00:00,103761.2,103822.2,103282.1,103504.7,390.76295317
2025-05-31 12:00:00,103504.8,104850.5,103486.0,104554.2,855.05782557
2025-05-31 16:00:00,104554.2,104795.3,104265.2,104705.3,280.72235493
2025-05-31 20:00:00,104705.9,104907.5,104473.3,104596.8,336.872418
2025-06-01 00:00:00,104596.8,104647.3,103926.4,104380.2,447.45096799
2025-06-01 04:00:00,104380.3,104740.2,104189.7,104284.5,261.11033052
2025-06-01 08:00:00,104284.6,104481.0,103738.3,104084.3,1321.62395296
2025-06-01 12:00:00,104084.4,104808.0,103768.8,104711.9,372.99781822
2025-06-01 16:00:00,104712.0,105299.9,104333.5,105125.8,678.47168935
2025-06-01 20:00:00,105125.9,105874.2,104899.6,105641.5,483.0182326
2025-06-02 00:00:00,105641.6,105740.4,104565.3,104837.9,447.45168684
2025-06-02 04:00:00,104837.8,105452.9,104612.9,105396.8,543.69959625
2025-06-02 08:00:00,105396.8,105945.0,103942.2,104054.6,921.46192521
2025-06-02 12:00:00,104054.7,104699.9,103668.8,104434.0,1159.12039349
2025-06-02 16:00:00,104434.9,104737.7,104031.2,104431.9,505.22144938
2025-06-02 20:00:00,104432.0,105938.1,104432.0,105847.3,1015.28237368
2025-06-03 00:00:00,105848.9,106526.3,105344.8,105490.9,803.89404074
2025-06-03 04:00:00,105490.9,105522.5,105115.7,105184.6,541.67215545
2025-06-03 08:00:00,105184.6,105365.0,104871.7,105291.3,380.17468812
2025-06-03 12:00:00,105291.4,106804.0,105028.0,106630.2,1857.90536252
2025-06-03 16:00:00,106630.2,106688.0,105587.6,106240.7,1140.48512988
2025-06-03 20:00:00,106240.6,106260.0,105258.0,105386.7,602.33179755
2025-06-04 00:00:00,105386.7,105844.9,105129.8,105524.1,497.61533208
2025-06-04 04:00:00,105524.2,105622.7,105250.0,105309.5,499.05163101
2025-06-04 08:00:00,105309.4,105988.0,105100.0,105103.9,552.60019122
2025-06-04 12:00:00,105104.0,105550.0,104181.4,105302.7,1350.64447861
2025-06-04 16:00:00,105302.7,105483.7,104865.1,104909.6,589.57957611
2025-06-04 20:00:00,104908.3,105056.4,104406.5,104680.5,349.93500937
2025-06-05 00:00:00,104688.8,105237.5,104650.6,105038.0,325.31713376
2025-06-05 04:00:00,105038.0,105230.0,104375.8,104525.8,435.43828227
2025-06-05 08:00:00,104525.8,104916.6,104425.4,104810.6,448.41033525
2025-06-05 12:00:00,104810.7,105914.9,103900.0,104539.6,1860.5911515
2025-06-05 16:00:00,104540.1,104604.3,101566.6,101919.5,3874.87415905
2025-06-05 20:00:00,101921.4,102200.1,100400.0,101500.0,2332.1251218
2025-06-06 00:00:00,101499.9,102521.6,101083.0,102496.0,1072.72449473
2025-06-06 04:00:00,102496.0,103477.5,102377.7,103149.0,1307.1058252
2025-06-06 08:00:00,103149.0,103999.9,103149.0,103928.9,910.52369762
2025-06-06 12:00:00,103928.9,105330.8,103506.7,105094.2,1743.93083962
2025-06-06 16:00:00,105094.7,105288.4,104065.7,104228.4,2303.03535391
2025-06-06 20:00:00,104228.5,104626.3,104167.7,104295.5,271.64829762
2025-06-07 00:00:00,104295.5,104929.9,103876.8,104877.5,438.95329041
2025-06-07 04:00:00,104878.9,105323.6,104642.3,104858.8,507.5250206
2025-06-07 08:00:00,104858.8,105267.0,104679.4,105143.5,354.67726484
2025-06-07 12:00:00,105139.9,105799.0,105139.9,105558.3,625.20967442
2025-06-07 16:00:00,105558.4,105888.0,105262.8,105729.9,425.29099044
2025-06-07 20:00:00,105729.9,105916.7,105528.8,105553.6,163.09810248
2025-06-08 00:00:00,105553.6,105790.4,105399.9,105475.8,202.21651214
2025-06-08 04:00:00,105475.9,105644.3,105399.9,105427.7,164.85528656
2025-06-08 08:00:00,105427.7,105738.3,104969.6,105673.4,392.45669514
2025-06-08 12:00:00,105673.4,106158.7,105509.4,105975.1,710.74676095
2025-06-08 16:00:00,105975.0,106366.0,105940.8,106301.8,254.22514298
2025-06-08 20:00:00,106301.8,106499.5,105565.4,105729.1,397.46250805
2025-06-09 00:00:00,105729.2,105973.6,105315.2,105667.6,447.37371158
2025-06-09 04:00:00,105667.7,105729.6,105313.4,105557.7,472.57389485
2025-06-09 08:00:00,105557.6,107815.6,105469.1,107761.7,1584.58221872
2025-06-09 12:00:00,107761.7,108034.8,106857.8,107638.1,1400.73195025
2025-06-09 16:00:00,107638.2,108772.3,107638.1,108570.4,842.36302369
2025-06-09 20:00:00,108569.7,110650.0,108447.8,110267.0,1770.7480874
2025-06-10 00:00:00,110266.9,110311.6,109375.0,109579.3,711.16173127
2025-06-10 04:00:00,109579.4,109738.6,109088.9,109212.0,769.00732097
2025-06-10 08:00:00,109212.0,109858.9,109048.8,109549.4,751.70829065
2025-06-10 12:00:00,109550.2,109888.8,108344.1,109023.9,1233.49538278
2025-06-10 16:00:00,109024.0,110393.0,108521.7,109509.5,703.87441872
2025-06-10 20:00:00,109509.4,110298.6,109243.7,110274.1,515.66955335
2025-06-11 00:00:00,110274.1,110288.9,109542.3,109719.1,333.32285532
2025-06-11 04:00:00,109719.2,109748.3,109367.4,109439.2,401.0768965
2025-06-11 08:00:00,109439.2,109663.9,109182.7,109245.7,320.70661666
2025-06-11 12:00:00,109245.7,110399.9,109011.4,109743.3,1416.61960876
2025-06-11 16:00:00,109743.3,109825.4,108400.0,108749.2,951.07674331
2025-06-11 20:00:00,108743.5,109223.3,108050.1,108645.7,606.45594896
2025-06-12 00:00:00,108645.7,108827.6,107715.3,107864.2,1370.07331163
2025-06-12 04:00:00,107863.7,107999.7,107333.2,107630.9,653.59465747
2025-06-12 08:00:00,107630.8,107848.6,106887.7,106910.1,648.34953141
2025-06-12 12:00:00,106910.2,107821.1,106600.0,107017.6,1124.36438149
2025-06-12 16:00:00,107017.6,108439.0,106680.0,106795.9,2853.4615857
2025-06-12 20:00:00,106795.8,106980.5,105661.4,105663.8,1162.78419862
2025-06-13 00:00:00,105663.8,105697.1,102640.0,104287.7,3830.53484026
2025-06-13 04:00:00,104287.8,104973.5,103785.7,104897.3,1425.61675366
2025-06-13 08:00:00,104897.4,105472.0,104426.6,105037.8,842.99074536
2025-06-13 12:00:00,105039.5,105764.8,104108.6,105431.0,2078.69457772
2025-06-13 16:00:00,105431.1,105977.1,104666.6,105101.9,912.91352033
2025-06-13 20:00:00,105100.6,106188.0,105017.2,106066.1,397.33637471
2025-06-14 00:00:00,106066.1,106219.2,105202.6,105241.2,439.80851974
2025-06-14 04:00:00,105241.2,105433.7,104791.3,105070.9,451.26390575
2025-06-14 08:00:00,105070.8,105139.5,104830.7,105091.0,232.69406181
2025-06-14 12:00:00,105089.1,105129.8,104614.0,104833.1,342.88062096
2025-06-14 16:00:00,104833.1,105060.2,104363.7,104651.4,927.51248044
2025-06-14 20:00:00,104652.0,105491.1,104305.7,105410.9,352.28140174
2025-06-15 00:00:00,105410.9,105677.0,105260.0,105478.4,220.33782456
2025-06-15 04:00:00,105478.4,106140.0,105199.9,105430.1,407.46659043
2025-06-15 08:00:00,105430.2,105498.2,104868.1,104980.0,332.85477492
2025-06-15 12:00:00,104980.0,105839.2,104953.7,105568.0,1075.77342734
2025-06-15 16:00:00,105568.0,105776.9,105066.5,105301.5,700.7269424
2025-06-15 20:00:00,105301.5,105616.0,104500.0,105579.9,483.97195743
2025-06-16 00:00:00,105580.0,105975.8,104972.2,105919.2,504.74009909
2025-06-16 04:00:00,105919.3,107265.8,105867.1,107061.9,1179.39105039
2025-06-16 08:00:00,107061.9,107239.1,106582.6,106896.4,557.95628136
2025-06-16 12:00:00,106896.4,107787.1,106503.6,107436.0,1005.14029492
2025-06-16 16:00:00,107438.1,108899.1,107312.0,108653.9,938.63568268
2025-06-16 20:00:00,108654.0,108974.7,106700.9,106803.8,1159.01886688
2025-06-17 00:00:00,106806.0,107761.7,106127.1,107595.9,929.0229019
2025-06-17 04:00:00,107596.0,107712.5,106480.0,106768.8,587.64374859
2025-06-17 08:00:00,106768.7,106838.6,105504.1,105634.7,1152.87506511
2025-06-17 12:00:00,105634.8,105867.3,104138.3,104244.1,2830.52861168
2025-06-17 16:00:00,104244.1,105353.6,103368.1,104684.1,2846.88785273
2025-06-17 20:00:00,104682.0,104903.7,104204.6,104564.0,571.32099155
2025-06-18 00:00:00,104565.1,105246.6,104366.7,105184.5,527.32832215
2025-06-18 04:00:00,105184.5,105544.2,104715.4,104977.7,763.24371375
2025-06-18 08:00:00,104979.4,105313.6,104180.6,104849.1,671.45583604
2025-06-18 12:00:00,104849.1,105329.7,103812.0,104796.1,1512.42627575
2025-06-18 16:00:00,104796.0,104836.0,103500.0,103820.0,1125.49412693
2025-06-18 20:00:00,103822.1,105140.0,103647.9,104890.1,488.59140389
2025-06-19 00:00:00,104890.0,105225.8,104445.6,105093.0,442.04964592
2025-06-19 04:00:00,105094.2,105224.9,104625.1,104648.1,307.24010724
2025-06-19 08:00:00,104648.0,105078.1,104630.0,104768.0,259.05132013
2025-06-19 12:00:00,104768.1,104916.0,104081.0,104104.1,629.39044686
2025-06-19 16:00:00,104104.1,104838.6,103920.1,104251.2,711.56898146
2025-06-19 20:00:00,104251.2,104916.6,104138.1,104652.4,272.55775985
2025-06-20 00:00:00,104652.1,104822.3,104390.4,104595.3,375.04101955
2025-06-20 04:00:00,104595.4,105809.6,104230.8,105805.8,675.03816548
2025-06-20 08:00:00,105805.9,106520.0,105756.0,105979.8,1156.41709327
2025-06-20 12:00:00,105980.0,106147.4,103882.6,104222.1,1539.99531306
2025-06-20 16:00:00,104224.0,104281.2,102340.7,103308.2,1839.80579894
2025-06-20 20:00:00,103308.2,103831.1,102956.2,103304.6,771.53068117
2025-06-21 00:00:00,103304.6,103702.0,103127.5,103492.8,293.77766713
2025-06-21 04:00:00,103492.8,103600.0,103291.8,103468.1,847.20090755
2025-06-21 08:00:00,103468.1,103991.6,103461.3,103880.0,527.87968891
2025-06-21 12:00:00,103879.9,103966.1,103290.6,103566.1,1056.45718758
2025-06-21 16:00:00,103566.1,103657.2,102207.7,102256.3,504.88588738
2025-06-21 20:00:00,102254.4,102898.9,100866.0,102124.4,1774.62887476
2025-06-22 00:00:00,102126.3,103396.6,101822.3,102384.9,1117.36335192
2025-06-22 04:00:00,102384.9,102954.0,102232.9,102442.1,1092.59406599
2025-06-22 08:00:00,102442.1,102820.0,102072.6,102739.2,502.62349125
2025-06-22 12:00:00,102739.3,102830.0,98900.4,98911.3,3973.68806288
2025-06-22 16:00:00,98911.2,100375.9,98680.0,98884.1,1722.61470985
2025-06-22 20:00:00,98884.1,101030.3,98188.4,100949.2,1838.20657374
2025-06-23 00:00:00,100948.1,101606.0,100474.6,101163.1,869.29622562
2025-06-23 04:00:00,101163.2,102156.3,100974.0,101935.7,841.73245102
2025-06-23 08:00:00,101935.7,102085.9,101107.1,101297.9,761.66988068
2025-06-23 12:00:00,101298.0,102625.0,100808.0,101431.5,2084.85215137
2025-06-23 16:00:00,101431.6,103323.0,99636.6,103160.9,2389.018712
2025-06-23 20:00:00,103167.5,106052.1,102880.8,105356.0,2697.37104042
2025-06-24 00:00:00,105355.9,105514.4,104706.8,104920.0,1860.9313444
2025-06-24 04:00:00,104919.4,105827.4,104702.3,104935.0,1429.82847258
2025-06-24 08:00:00,104934.7,105568.5,104625.1,105175.3,739.04759153
2025-06-24 12:00:00,105175.3,105739.0,104804.1,105238.1,1344.87408049
2025-06-24 16:00:00,105241.8,106290.8,105182.8,105650.0,907.67521677
2025-06-24 20:00:00,105648.0,106128.1,105442.1,106094.1,494.86277725
2025-06-25 00:00:00,106094.2,106808.8,105820.1,106237.9,879.892208
2025-06-25 04:00:00,106237.9,106710.0,106000.0,106600.0,607.5918038
2025-06-25 08:00:00,106600.1,107228.0,106340.1,107191.2,1654.78981625
2025-06-25 12:00:00,107191.2,108130.0,106737.5,107034.6,1899.64046811
2025-06-25 16:00:00,107034.5,107900.0,106912.1,107757.5,1020.83593385
2025-06-25 20:00:00,107754.9,108000.0,107075.0,107335.5,520.78783838
2025-06-26 00:00:00,107335.6,108290.0,107095.2,107858.9,626.34050012
2025-06-26 04:00:00,107860.0,108086.0,107519.9,107812.7,428.29416049
2025-06-26 08:00:00,107812.7,108196.3,107124.8,107340.2,1181.43589343
2025-06-26 12:00:00,107340.3,107766.6,106546.8,107316.0,1440.95587644
2025-06-26 16:00:00,107316.0,107684.8,107012.0,107544.0,644.04811231
2025-06-26 20:00:00,107541.3,108007.0,106826.5,106962.8,597.37075587
2025-06-27 00:00:00,106962.9,107500.0,106437.3,107475.9,562.3901137
2025-06-27 04:00:00,107476.0,107742.0,106850.6,106866.6,936.47846197
2025-06-27 08:00:00,106866.7,107164.8,106681.5,106999.4,718.9630139
2025-06-27 12:00:00,106999.4,107457.8,106377.0,107312.9,1421.45585977
2025-06-27 16:00:00,107313.0,107727.9,106450.0,106811.3,947.2321715
2025-06-27 20:00:00,106811.5,107278.0,106800.0,107054.0,341.13156663
2025-06-28 00:00:00,107054.5,107343.0,106806.4,107292.0,299.09102604
2025-06-28 04:00:00,107292.1,107504.6,107173.1,107486.2,389.24764501
2025-06-28 08:00:00,107486.2,107504.1,107227.9,107367.8,705.92257461
2025-06-28 12:00:00,107367.9,107550.0,107052.9,107451.5,288.10592104
2025-06-28 16:00:00,107451.6,107552.4,107224.3,107224.3,207.41588088
2025-06-28 20:00:00,107224.4,107382.0,107156.0,107302.7,108.0136777
2025-06-29 00:00:00,107302.7,107512.0,107169.2,107214.5,181.40692654
2025-06-29 04:00:00,107214.5,107425.6,107210.0,107413.9,167.44561751
2025-06-29 08:00:00,107413.9,108499.0,107406.5,108479.4,738.65454837
2025-06-29 12:00:00,108479.3,108539.0,107650.0,107744.1,992.31679944
2025-06-29 16:00:00,107744.0,107787.4,107303.0,107400.0,401.27868678
2025-06-29 20:00:00,107400.0,108440.0,107236.0,108361.5,445.17272807
2025-06-30 00:00:00,108361.5,108800.0,108250.2,108506.0,569.7890654
2025-06-30 04:00:00,108506.0,108542.0,107464.7,107621.0,664.4624399
2025-06-30 08:00:00,107620.9,107965.8,107395.1,107662.3,446.37906419
2025-06-30 12:00:00,107662.3,107887.7,106736.9,107575.1,1384.6804649
2025-06-30 16:00:00,107575.0,107809.5,107121.2,107736.1,582.46165357
2025-06-30 20:00:00,107736.1,107771.4,106918.2,107140.0,385.65150814
2025-07-01 00:00:00,107140.1,107547.9,107026.0,107196.9,310.55933978
2025-07-01 04:00:00,107196.8,107216.7,106621.1,107184.1,640.04284006
2025-07-01 08:00:00,107184.1,107184.1,106315.7,106614.1,673.5901983
2025-07-01 12:00:00,106614.1,107184.0,105633.3,105961.9,2060.12094129
2025-07-01 16:00:00,105962.0,106289.4,105386.6,105392.6,620.78438154
2025-07-01 20:00:00,105392.7,106106.0,105239.2,105688.1,373.17548079
2025-07-02 00:00:00,105688.1,106211.6,105100.0,106190.0,539.80037178
2025-07-02 04:00:00,106190.0,107188.5,106131.3,107080.1,860.97607678
2025-07-02 08:00:00,107080.9,107843.8,107080.9,107479.9,950.69459991
2025-07-02 12:00:00,107480.0,108770.0,107181.8,108745.3,1728.01776781
2025-07-02 16:00:00,108745.3,109750.0,108654.2,109675.9,1881.0782715
2025-07-02 20:00:00,109675.8,109675.9,108727.2,108838.9,357.78915697
2025-07-03 00:00:00,108838.9,109121.9,108526.1,108638.0,421.84340838
2025-07-03 04:00:00,108638.0,109560.8,108564.0,109273.9,575.5750245
2025-07-03 08:00:00,109273.9,110278.0,109273.9,109598.6,1013.05084601
2025-07-03 12:00:00,109598.6,110529.0,108758.0,109128.2,1867.93986726
2025-07-03 16:00:00,109128.3,109913.0,109020.5,109796.7,485.06299719
2025-07-03 20:00:00,109796.7,110000.0,109536.1,109593.4,210.78423576
2025-07-04 00:00:00,109593.5,109777.8,109105.4,109240.1,396.67563379
2025-07-04 04:00:00,109240.1,109327.5,108702.9,108703.0,465.70074873
2025-07-04 08:00:00,108703.0,109113.5,108529.0,108897.9,455.6952912
2025-07-04 12:00:00,108898.0,108976.0,107507.3,107592.2,1124.931821
2025-07-04 16:00:00,107592.1,107925.9,107255.7,107483.9,532.4547404
2025-07-04 20:00:00,107484.0,108278.9,107444.0,107985.4,247.94426677
2025-07-05 00:00:00,107985.5,108280.0,107750.1,108156.2,265.57729953
2025-07-05 04:00:00,108156.3,108432.7,107986.9,108057.8,337.90061342
2025-07-05 08:00:00,108057.9,108222.0,107869.5,108104.1,176.96400307
2025-07-05 12:00:00,108104.1,108234.0,107962.0,108057.9,124.95430593
2025-07-05 16:00:00,108058.0,108173.3,107849.8,108143.9,189.21645921
2025-07-05 20:00:00,108144.0,108225.7,107988.4,108199.7,153.93208644
2025-07-06 00:00:00,108199.8,108263.4,108002.9,108038.3,196.77037678
2025-07-06 04:00:00,108038.4,108217.9,107945.8,108029.6,214.76647821
2025-07-06 08:00:00,108029.5,108139.0,107804.1,108079.7,222.8393324
2025-07-06 12:00:00,108079.8,109134.4,108040.0,108909.9,656.96794273
2025-07-06 16:00:00,108910.0,108964.0,108281.6,108544.9,253.67990377
2025-07-06 20:00:00,108545.0,109719.6,108534.0,109202.6,485.58918161
2025-07-07 00:00:00,109202.6,109707.9,108676.7,109393.1,458.51746317
2025-07-07 04:00:00,109393.1,109460.0,108668.0,109068.0,464.44322532
2025-07-07 08:00:00,109068.0,109094.8,108580.7,108653.1,302.87182763
2025-07-07 12:00:00,108653.1,108685.4,107966.0,108301.9,755.0241396
2025-07-07 16:00:00,108300.7,108506.7,107506.5,108054.0,528.50729153
2025-07-07 20:00:00,108055.0,108303.0,107777.5,108262.1,173.26433068
2025-07-08 00:00:00,108262.1,108527.5,107421.4,107900.0,530.27291206
2025-07-08 04:00:00,107900.1,108488.0,107742.1,108483.9,300.00448019
2025-07-08 08:00:00,108483.9,109000.0,108216.1,108755.9,435.8070174
2025-07-08 12:00:00,108756.0,109218.8,108210.0,108264.9,766.53361896
2025-07-08 16:00:00,108266.0,109154.0,108097.6,108766.1,606.23394897
2025-07-08 20:00:00,108766.1,108976.8,108612.0,108926.0,195.62169712
2025-07-09 00:00:00,108926.0,109142.7,108336.0,108373.1,363.40050722
2025-07-09 04:00:00,108373.1,108949.4,108333.4,108721.9,468.97723454
2025-07-09 08:00:00,108721.9,109138.0,108560.6,109066.0,350.24200691
2025-07-09 12:00:00,109066.0,109790.0,108500.0,109079.9,1125.36047086
2025-07-09 16:00:00,109080.0,112000.0,109032.3,111751.8,2002.1780474
2025-07-09 20:00:00,111751.8,111951.3,110556.0,111239.3,1099.96506882
2025-07-10 00:00:00,111239.3,111587.9,110888.0,111080.9,994.10349198
2025-07-10 04:00:00,111080.8,111440.0,110955.1,111225.1,655.05185959
2025-07-10 08:00:00,111225.2,111408.9,110880.0,111035.9,489.14963374
2025-07-10 12:00:00,111036.0,111416.0,110504.4,111412.0,1298.82511866
2025-07-10 16:00:00,111412.0,113800.0,111336.0,113290.0,2923.17640435
2025-07-10 20:00:00,113288.1,117548.2,113260.0,116015.9,3507.68643206
2025-07-11 00:00:00,116016.0,116985.5,115208.1,116899.1,1171.09561125
2025-07-11 04:00:00,116899.1,118409.0,116480.0,117537.9,2530.03366611
2025-07-11 08:00:00,117537.8,118868.0,117533.4,117814.0,1085.13841063
2025-07-11 12:00:00,117814.1,118250.0,116726.8,116921.2,1306.0980288
2025-07-11 16:00:00,116921.3,118158.0,116608.9,118107.3,1331.02937269
2025-07-11 20:00:00,118107.2,118107.2,117156.1,117542.3,613.72627137
2025-07-12 00:00:00,117542.2,117850.0,117140.9,117782.9,416.31926628
2025-07-12 04:00:00,117784.0,118072.7,117510.0,117745.9,746.78777615
2025-07-12 08:00:00,117746.0,118230.5,117629.4,117818.0,1368.54587953
2025-07-12 12:00:00,117818.0,117871.9,116916.6,117112.0,2203.12969941
2025-07-12 16:00:00,117112.1,117650.0,117052.2,117568.0,306.11144113
2025-07-12 20:00:00,117568.0,117568.7,117005.0,117437.1,206.37455223
2025-07-13 00:00:00,117438.0,117826.0,117222.5,117752.2,243.34943843
2025-07-13 04:00:00,117752.2,118067.8,117676.0,117999.9,251.44427758
2025-07-13 08:00:00,118000.0,118139.5,117698.7,118086.9,264.65260467
2025-07-13 12:00:00,118086.9,119449.9,117992.0,118678.1,1466.31610951
2025-07-13 16:00:00,118678.1,119500.0,118370.0,118970.1,527.62750522
2025-07-13 20:00:00,118970.1,119383.7,118248.4,119096.0,432.46799981
2025-07-14 00:00:00,119095.9,121656.4,118906.5,120780.7,1835.89967813
2025-07-14 04:00:00,120780.8,123226.0,120560.0,122744.0,2330.04234908
2025-07-14 08:00:00,122745.9,122763.9,121360.1,121461.2,1071.57051628
2025-07-14 12:00:00,121461.1,122115.9,119600.1,119882.0,1666.56972214
2025-07-14 16:00:00,119881.9,120524.0,119226.6,119938.1,1785.98155978
2025-07-14 20:00:00,119939.2,120448.0,119520.0,119848.7,355.72121622
2025-07-15 00:00:00,119848.7,119950.0,116846.1,117158.1,3058.53618836
2025-07-15 04:00:00,117158.1,117750.7,116285.8,116790.0,2029.67136783
2025-07-15 08:00:00,116789.9,117216.6,116268.0,117115.1,1172.95240087
2025-07-15 12:00:00,117115.1,118450.0,115726.7,116385.7,3030.88780317
2025-07-15 16:00:00,116385.7,117726.7,116007.5,116404.0,1401.05162401
2025-07-15 20:00:00,116403.9,117966.0,116180.6,117752.7,694.53821305
2025-07-16 00:00:00,117752.6,118204.9,117018.2,117480.1,670.09728506
2025-07-16 04:00:00,117480.1,118301.7,117276.0,118195.1,535.30660437
2025-07-16 08:00:00,118195.1,119299.9,118117.4,118769.9,709.18242479
2025-07-16 12:00:00,118769.9,119814.2,118176.6,119106.0,1745.22418029
2025-07-16 16:00:00,119106.3,119948.7,118461.9,119241.5,969.49363426
2025-07-16 20:00:00,119241.5,120069.3,118404.4,118629.7,685.31456064
2025-07-17 00:00:00,118629.7,119183.8,117677.1,118120.1,958.79563711
2025-07-17 04:00:00,118120.0,118785.7,117854.3,118327.7,791.40586131
2025-07-17 08:00:00,118327.7,119224.0,117958.6,117978.0,717.76523258
2025-07-17 12:00:00,117978.1,119100.0,117444.0,118875.9,1232.4219165
2025-07-17 16:00:00,118876.0,119870.6,118327.7,118963.9,740.8487533
2025-07-17 20:00:00,118964.0,120941.8,118385.1,119178.0,1142.18082204
2025-07-18 00:00:00,119178.0,120776.0,119005.4,120219.4,872.96064135
2025-07-18 04:00:00,120219.5,120822.7,119290.0,119352.0,1343.16921046
2025-07-18 08:00:00,119351.8,119470.5,118375.7,119168.0,1276.48576196
2025-07-18 12:00:00,119168.1,119515.1,117292.6,117844.4,1618.10246846
2025-07-18 16:00:00,117844.5,118057.9,117122.6,117368.1,1020.90764653
2025-07-18 20:00:00,117368.1,118033.2,116811.0,117934.0,661.96857581
2025-07-19 00:00:00,117934.1,118417.2,117614.2,118361.0,493.09056167
2025-07-19 04:00:00,118361.1,118400.9,118034.8,118172.1,1073.10532499
2025-07-19 08:00:00,118172.0,118492.0,117941.1,118327.9,464.68217012
2025-07-19 12:00:00,118328.0,118333.0,117633.9,118052.1,343.84141203
2025-07-19 16:00:00,118052.1,118162.0,117569.3,118005.9,276.77295439
2025-07-19 20:00:00,118005.8,118148.0,117267.9,117838.2,265.56145998
2025-07-20 00:00:00,117838.3,118166.9,117648.3,117969.5,274.34913161
2025-07-20 04:00:00,117969.5,118218.3,117756.7,118017.8,287.28258826
2025-07-20 08:00:00,118017.7,118287.0,117822.1,117889.9,561.22819978
2025-07-20 12:00:00,117890.0,118811.8,117715.9,118683.9,959.04432626
2025-07-20 16:00:00,118683.9,118865.9,117948.6,118160.1,436.75128436
2025-07-20 20:00:00,118160.1,118268.0,116462.0,117260.1,950.78744495
2025-07-21 00:00:00,117260.1,118613.9,116520.0,118398.0,710.61140061
2025-07-21 04:00:00,118398.0,119669.0,118164.2,119365.2,951.09070389
2025-07-21 08:00:00,119365.3,119500.0,118072.0,118075.9,626.81530405
2025-07-21 12:00:00,118077.1,119227.4,117769.2,118318.1,1236.51590912
2025-07-21 16:00:00,118318.0,118396.0,116666.0,116761.3,1092.55916251
2025-07-21 20:00:00,116763.5,117647.3,116666.0,117378.1,395.01310109
2025-07-22 00:00:00,117378.1,117976.7,116116.0,117219.1,1143.74781016
2025-07-22 04:00:00,117219.1,118592.0,116560.8,117999.9,1229.93875226
2025-07-22 08:00:00,117999.9,119187.9,117488.1,119152.7,1747.60349097
2025-07-22 12:00:00,119152.7,119600.0,117544.1,118922.4,2102.24122222
2025-07-22 16:00:00,118922.4,120234.9,118401.4,119272.0,1273.20564128
2025-07-22 20:00:00,119271.3,120249.3,119201.9,119954.9,1187.82679339
2025-07-23 00:00:00,119955.0,120080.0,118506.0,118610.0,1020.24664696
2025-07-23 04:00:00,118610.0,119037.9,118288.0,118353.1,1224.00426047
2025-07-23 08:00:00,118353.1,118624.0,117821.8,118528.1,707.66060591
2025-07-23 12:00:00,118528.1,118730.1,117313.6,118578.1,1327.75959586
2025-07-23 16:00:00,118578.1,118578.1,117332.6,118395.9,660.35278843
2025-07-23 20:00:00,118396.0,118759.3,117379.3,118757.9,530.68022791
2025-07-24 00:00:00,118757.9,119264.7,118470.1,118494.0,592.97243133
2025-07-24 04:00:00,118496.0,118589.3,117072.0,118398.7,1488.73511297
2025-07-24 08:00:00,118398.8,118812.0,117939.9,118598.0,1060.53373116
2025-07-24 12:00:00,118597.9,119500.0,117824.8,119110.1,1431.4895589
2025-07-24 16:00:00,119110.2,119412.5,118353.4,118951.2,539.11781602
2025-07-24 20:00:00,118951.3,119022.9,118181.1,118341.8,768.16701984
2025-07-25 00:00:00,118341.9,118462.5,115336.0,115414.1,4431.59368464
2025-07-25 04:00:00,115414.1,116120.0,114712.4,115324.1,3870.63824184
2025-07-25 08:00:00,115324.1,116784.0,114991.8,116528.1,2954.36399081
2025-07-25 12:00:00,116528.1,116651.9,114905.0,115722.1,2195.48159467
2025-07-25 16:00:00,115718.1,117040.8,115449.8,116688.0,741.17685333
2025-07-25 20:00:00,116685.3,117682.5,116570.3,117615.8,629.77287727
2025-07-26 00:00:00,117615.9,117754.5,117129.7,117498.0,474.05403816
2025-07-26 04:00:00,117498.1,117570.6,117303.0,117331.2,387.87684268
2025-07-26 08:00:00,117331.3,118220.0,117331.2,117778.0,478.28377848
2025-07-26 12:00:00,117778.1,118233.2,117753.7,118126.5,520.08743402
2025-07-26 16:00:00,118126.6,118290.0,117928.5,118227.1,283.47087861
2025-07-26 20:00:00,118227.1,118289.6,117861.1,117917.3,286.54458099
2025-07-27 00:00:00,117917.9,118386.0,117818.0,118186.1,261.36019439
2025-07-27 04:00:00,118186.0,118458.0,118078.0,118112.2,254.76624837
2025-07-27 08:00:00,118112.2,118306.5,117828.9,118079.9,358.43011877
2025-07-27 12:00:00,118079.9,118600.0,117884.9,118600.0,606.74881944
2025-07-27 16:00:00,118600.0,119573.3,118599.9,118959.9,1459.86649109
2025-07-27 20:00:00,118960.0,119786.0,118726.0,119439.3,544.3907084
2025-07-28 00:00:00,119440.0,119828.0,118947.3,119286.4,554.36219253
2025-07-28 04:00:00,119286.4,119695.9,118762.0,118884.0,595.08668239
2025-07-28 08:00:00,118884.0,119096.9,118486.9,118823.8,483.00967066
2025-07-28 12:00:00,118823.8,119099.8,117914.4,118170.4,859.4994549
2025-07-28 16:00:00,118170.5,118384.0,117400.4,118073.9,673.82440633
2025-07-28 20:00:00,118074.0,118357.6,117499.9,118073.9,321.56869464
2025-07-29 00:00:00,118073.9,118804.0,117450.0,118769.6,709.91258334
2025-07-29 04:00:00,118769.5,119300.0,118420.0,118893.4,588.49487904
2025-07-29 08:00:00,118893.3,119055.9,118162.9,118599.9,577.75714516
2025-07-29 12:00:00,118599.9,119088.0,117266.6,117384.1,959.48096425
2025-07-29 16:00:00,117384.1,118053.0,116954.4,117520.0,716.77425595
2025-07-29 20:00:00,117521.4,117998.0,117089.9,117944.1,375.78744726
2025-07-30 00:00:00,117944.0,118263.0,117418.0,118161.7,332.38476052
2025-07-30 04:00:00,118161.6,118421.9,117674.9,118128.1,375.85897813
2025-07-30 08:00:00,118128.0,118489.0,117359.7,117577.0,493.45651592
2025-07-30 12:00:00,117577.6,118800.0,117355.3,118007.0,947.21163708
2025-07-30 16:00:00,118007.0,118055.0,115716.3,116914.1,1856.84667994
2025-07-30 20:00:00,116914.1,117920.9,116872.1,117836.4,643.83382605
2025-07-31 00:00:00,117836.4,118615.9,117779.1,118475.3,694.61876974
2025-07-31 04:00:00,118475.3,118936.8,118282.0,118679.9,612.71642987
2025-07-31 08:00:00,118679.9,118773.6,118293.2,118374.0,371.31978573
2025-07-31 12:00:00,118374.1,118708.8,117826.0,118314.0,881.28894597
2025-07-31 16:00:00,118313.9,118887.4,116745.5,116781.1,1053.1395109
2025-07-31 20:00:00,116781.0,116983.5,115500.0,115754.8,1583.9118831
2025-08-01 00:00:00,115754.8,116063.2,114300.1,115645.9,2204.96251829
2025-08-01 04:00:00,115646.0,115924.9,114628.9,115080.0,1212.84003999
2025-08-01 08:00:00,115080.1,115344.0,114116.5,115298.2,1127.77475319
2025-08-01 12:00:00,115298.2,116018.4,113929.2,115352.6,2282.55882516
2025-08-01 16:00:00,115352.6,115700.0,113218.0,113315.2,1608.04554396
2025-08-01 20:00:00,113308.2,114090.6,112724.3,113294.3,1209.24386959
2025-08-02 00:00:00,113294.4,113922.8,113188.3,113907.9,447.6546255
2025-08-02 04:00:00,113907.9,114061.3,113448.2,113986.2,550.69870997
2025-08-02 08:00:00,113986.2,114045.1,113434.0,113782.4,384.88682229
2025-08-02 12:00:00,113782.4,113796.0,112817.1,112843.9,679.49006953
2025-08-02 16:00:00,112839.5,113426.4,112005.4,112230.1,993.7091336
2025-08-02 20:00:00,112230.1,113067.6,112076.3,112559.9,370.37871304
2025-08-03 00:00:00,112560.0,113736.5,111903.1,113600.1,845.73088142
2025-08-03 04:00:00,113600.1,113718.2,113333.3,113700.1,300.49534464
2025-08-03 08:00:00,113700.0,114250.0,113532.5,113851.3,389.98603964
2025-08-03 12:00:00,113851.4,114100.0,113577.4,113943.4,343.88306853
2025-08-03 16:00:00,113943.3,114780.4,113749.1,114306.0,435.05055253
2025-08-03 20:00:00,114306.0,114624.0,114064.0,114202.0,237.27804562
2025-08-04 00:00:00,114202.1,115016.0,114109.1,114577.6,492.96909212
2025-08-04 04:00:00,114577.5,114785.5,114152.6,114660.9,413.79127431
2025-08-04 08:00:00,114660.0,114770.0,114213.2,114503.9,403.19617857
2025-08-04 12:00:00,114504.0,115486.1,114132.0,114823.7,984.9134293
2025-08-04 16:00:00,114823.8,115738.9,114728.5,114778.0,681.22072373
2025-08-04 20:00:00,114778.1,115350.6,114632.1,115053.6,339.23169122
2025-08-05 00:00:00,115053.7,115128.4,114243.1,114243.1,850.62034172
2025-08-05 04:00:00,114243.2,114517.0,113710.1,113983.9,652.34140192
2025-08-05 08:00:00,113983.9,115100.0,113932.8,114828.1,401.90573531
2025-08-05 12:00:00,114828.1,114908.8,112653.0,112931.8,1325.31661357
2025-08-05 16:00:00,112930.1,113776.6,112812.7,113628.0,623.28929715
2025-08-05 20:00:00,113630.1,114234.9,113298.6,114126.8,248.17955913
2025-08-06 00:00:00,114126.8,114142.1,113409.0,113514.1,259.47801599
2025-08-06 04:00:00,113514.1,114425.0,113357.6,114233.2,386.32699836
2025-08-06 08:00:00,114233.2,114424.0,113731.3,114241.6,505.29619613
2025-08-06 12:00:00,114241.5,115546.1,113580.9,115416.2,913.19888157
2025-08-06 16:00:00,115416.1,115711.0,114950.0,115266.0,516.88701368
2025-08-06 20:00:00,115266.0,115284.9,114782.2,114999.8,393.11007466
2025-08-07 00:00:00,114999.6,115200.0,114400.0,114549.6,319.02808856
2025-08-07 04:00:00,114549.6,114885.1,114260.7,114796.2,326.06121685
2025-08-07 08:00:00,114796.2,116822.0,114791.8,116524.0,1699.71415321
2025-08-07 12:00:00,116524.1,116800.0,116032.0,116700.0,872.66303267
2025-08-07 16:00:00,116700.0,117535.5,115625.0,117465.0,756.52383691
2025-08-07 20:00:00,117464.6,117636.4,117007.1,117478.0,478.51246533
2025-08-08 00:00:00,117478.1,117663.8,116684.1,116746.1,1711.40420176
2025-08-08 04:00:00,116746.0,116991.9,116392.0,116807.2,910.66628518
2025-08-08 08:00:00,116807.1,116934.9,116321.7,116896.1,245.04843289
2025-08-08 12:00:00,116896.1,117271.1,115888.0,116204.2,762.13299227
2025-08-08 16:00:00,116204.2,116900.0,116000.0,116434.5,566.30076604
2025-08-08 20:00:00,116434.1,116980.0,116308.0,116665.9,264.5459902
2025-08-09 00:00:00,116666.0,116760.8,116348.8,116388.0,361.22175852
2025-08-09 04:00:00,116388.1,117016.9,116360.0,116748.1,882.2272809
2025-08-09 08:00:00,116748.1,117923.2,116744.0,117115.9,931.75594463
2025-08-09 12:00:00,117116.0,117240.8,116700.1,116888.9,726.08846247
2025-08-09 16:00:00,116889.0,116947.9,116501.0,116542.5,431.56148822
2025-08-09 20:00:00,116542.5,117022.3,116369.2,116470.0,428.43626736
2025-08-10 00:00:00,116470.1,118502.9,116457.9,118502.0,1266.59869273
2025-08-10 04:00:00,118502.1,118738.5,117459.4,117815.9,1155.98261934
2025-08-10 08:00:00,117816.0,118500.0,117616.0,118321.9,623.52063638
2025-08-10 12:00:00,118322.0,119100.0,118210.3,118787.0,1125.45919261
2025-08-10 16:00:00,118787.0,118931.5,118400.9,118648.1,287.21375154
2025-08-10 20:00:00,118648.1,119317.7,118078.6,119287.8,568.68642739
2025-08-11 00:00:00,119287.7,122152.0,118984.0,121711.2,2410.23329876
2025-08-11 04:00:00,121711.2,122335.8,121461.3,121530.7,1384.08184672
2025-08-11 08:00:00,121530.8,121817.6,120251.2,120554.0,1091.36452107
2025-08-11 12:00:00,120554.0,120656.0,119364.6,120302.0,1282.99144311
2025-08-11 16:00:00,120302.1,120792.8,118605.8,119085.9,849.21497845
2025-08-11 20:00:00,119085.9,119210.4,118036.2,118686.1,758.06876042
2025-08-12 00:00:00,118686.1,119304.4,118600.0,118865.0,475.16773845
2025-08-12 04:00:00,118865.1,119184.6,118430.6,119000.5,897.18761604
2025-08-12 08:00:00,119000.6,119075.3,118203.7,118504.9,930.89855799
2025-08-12 12:00:00,118504.8,119961.9,118268.8,119934.7,1643.89288557
2025-08-12 16:00:00,119934.7,120187.5,119153.6,119649.9,888.53701487
2025-08-12 20:00:00,119649.9,120320.0,119485.7,120132.0,570.1687588
2025-08-13 00:00:00,120132.1,120195.9,119078.0,119486.1,747.56650951
2025-08-13 04:00:00,119486.1,119858.4,118929.1,119582.3,747.49737284
2025-08-13 08:00:00,119582.4,120735.7,119448.0,120566.1,1015.25217158
2025-08-13 12:00:00,120566.1,122210.5,120102.0,120914.0,2212.77064859
2025-08-13 16:00:00,120914.0,122842.2,120914.0,122753.0,1077.3071739
2025-08-13 20:00:00,122748.0,123700.0,122296.8,123308.0,1314.35227947
2025-08-14 00:00:00,123308.1,124500.0,123258.4,123344.0,1819.92654161
2025-08-14 04:00:00,123344.1,123428.0,121308.1,121717.2,1533.17263534
2025-08-14 08:00:00,121717.3,122037.8,120700.0,120959.2,784.5076393
2025-08-14 12:00:00,120959.1,121173.9,117475.2,118237.9,4169.37670555
2025-08-14 16:00:00,118237.9,118529.5,117156.1,117933.0,1206.88428005
2025-08-14 20:00:00,117932.9,118528.8,117305.9,118298.5,583.24912487
2025-08-15 00:00:00,118298.5,119090.3,118026.1,118970.1,497.10324801
2025-08-15 04:00:00,118970.1,119229.5,118629.4,118973.5,903.84673533
2025-08-15 08:00:00,118973.6,119161.0,118607.2,119002.7,359.87113942
2025-08-15 12:00:00,119002.1,119135.9,116819.0,117278.5,1421.44260128
2025-08-15 16:00:00,117278.6,117885.3,116800.0,116929.8,1082.02740852
2025-08-15 20:00:00,116929.7,117770.0,116850.0,117338.1,319.83285123
2025-08-16 00:00:00,117338.0,117899.1,117226.0,117431.9,600.00507276
2025-08-16 04:00:00,117432.0,117890.7,117295.4,117611.8,1113.04404429
2025-08-16 08:00:00,117611.8,117700.1,117136.3,117385.1,850.94584826
2025-08-16 12:00:00,117385.9,117835.6,117326.0,117687.7,541.38652187
2025-08-16 16:00:00,117687.8,117832.0,117626.0,117680.3,172.51861769
2025-08-16 20:00:00,117680.3,117718.2,117215.9,117386.1,164.24465152
2025-08-17 00:00:00,117386.1,117765.9,117180.0,117681.7,225.08633692
2025-08-17 04:00:00,117681.7,118237.0,117681.7,118014.7,416.41340896
2025-08-17 08:00:00,118014.7,118489.7,117921.0,118307.1,339.6664033
2025-08-17 12:00:00,118307.2,118585.5,118062.0,118243.5,275.1189935
2025-08-17 16:00:00,118243.6,118326.6,117311.3,117589.9,339.30172312
2025-08-17 20:00:00,117590.0,118000.0,117377.5,117409.6,173.40966676
2025-08-18 00:00:00,117409.6,117555.6,115000.1,115322.3,2055.37653513
2025-08-18 04:00:00,115320.0,115728.5,114890.1,115224.0,1000.53548076
2025-08-18 08:00:00,115223.9,115410.5,114652.5,114957.3,764.47374381
2025-08-18 12:00:00,114957.3,116182.3,114828.0,116152.0,932.70042898
2025-08-18 16:00:00,116151.9,116811.4,115826.9,116312.0,425.06735115
2025-08-18 20:00:00,116312.0,117004.0,115980.1,116234.4,466.40563194
2025-08-19 00:00:00,116234.4,116732.0,114800.0,114818.0,942.38008852
2025-08-19 04:00:00,114816.3,115489.1,114375.9,114998.7,937.78986472
2025-08-19 08:00:00,114998.9,115653.2,114800.1,115503.3,459.2495712
2025-08-19 12:00:00,115503.3,115876.8,113577.3,113789.2,1579.04356077
2025-08-19 16:00:00,113789.2,113899.8,112757.5,113123.3,1124.04675731
2025-08-19 20:00:00,113123.2,113569.0,112710.9,112865.6,529.11871788
2025-08-20 00:00:00,112864.1,113648.0,112568.0,113526.4,735.69082403
2025-08-20 04:00:00,113526.5,113848.4,113430.6,113487.8,771.06910835
2025-08-20 08:00:00,113487.9,114069.6,113058.1,113666.5,729.50175102
2025-08-20 12:00:00,113666.6,114324.0,112371.6,113362.1,1478.84236294
2025-08-20 16:00:00,113362.1,114465.0,113264.0,114283.9,932.27349097
2025-08-20 20:00:00,114281.6,114625.0,114000.0,114279.6,703.99989013
2025-08-21 00:00:00,114279.7,114824.5,113908.3,113964.9,683.40550643
2025-08-21 04:00:00,113965.0,114051.4,113574.0,113892.4,704.42432948
2025-08-21 08:00:00,113894.0,113993.2,112986.6,113138.3,1061.08891074
2025-08-21 12:00:00,113137.5,113988.0,112608.0,112792.0,1533.69423111
2025-08-21 16:00:00,112792.1,112975.0,112006.0,112197.9,704.41018619
2025-08-21 20:00:00,112194.0,112874.7,112058.1,112511.4,384.82110357
2025-08-22 00:00:00,112511.5,113533.3,112329.8,112938.7,869.81566963
2025-08-22 04:00:00,112938.7,113400.0,112714.5,113097.3,864.85619461
2025-08-22 08:00:00,113097.2,113316.3,112162.2,112312.0,538.71788414
2025-08-22 12:00:00,112312.1,117302.3,111684.0,116374.4,3155.14388052
2025-08-22 16:00:00,116374.4,117420.0,116109.3,116646.0,1550.36107061
2025-08-22 20:00:00,116648.0,117181.0,116561.6,116943.7,533.79544289
2025-08-23 00:00:00,116943.8,117031.5,115456.5,115568.1,957.2514262
2025-08-23 04:00:00,115568.2,116047.8,115545.6,115804.0,877.92765111
2025-08-23 08:00:00,115803.9,115868.5,115213.4,115307.2,446.46665547
2025-08-23 12:00:00,115308.8,115490.9,114540.4,114819.3,630.75164851
2025-08-23 16:00:00,114819.4,115200.0,114679.0,115138.5,288.18471299
2025-08-23 20:00:00,115138.6,115429.7,115000.0,115424.1,199.74082665
2025-08-24 00:00:00,115424.1,115666.6,114944.1,115035.5,386.14883346
2025-08-24 04:00:00,115035.6,115290.0,114841.9,114890.0,573.19347682
2025-08-24 08:00:00,114890.1,115059.8,114600.1,114735.9,365.59049176
2025-08-24 12:00:00,114735.9,114893.7,114350.7,114406.6,1061.93484935
2025-08-24 16:00:00,114406.7,114916.0,110481.8,112608.0,3115.54739079
2025-08-24 20:00:00,112607.9,113701.2,111657.0,113490.0,1085.15069419
2025-08-25 00:00:00,113491.9,113662.8,112150.0,112901.7,1202.81580212
2025-08-25 04:00:00,112901.7,113055.3,111284.5,111510.3,1015.13208842
2025-08-25 08:00:00,111510.3,111857.3,110912.9,111216.0,1752.93608563
2025-08-25 12:00:00,111216.0,112580.1,110589.0,112204.0,1483.33857863
2025-08-25 16:00:00,112204.0,112943.9,110658.0,110704.0,878.40295556
2025-08-25 20:00:00,110704.3,111094.0,109284.7,110119.0,1907.14474452
2025-08-26 00:00:00,110119.0,110122.0,108680.6,109884.0,2229.55118327
2025-08-26 04:00:00,109884.0,110554.9,109770.0,110300.1,1318.73011586
2025-08-26 08:00:00,110300.0,110459.4,109563.0,109880.0,762.25628796
2025-08-26 12:00:00,109880.0,110824.8,109390.3,109672.0,1119.30807975
2025-08-26 16:00:00,109672.1,111159.4,109446.0,111112.0,664.14553497
2025-08-26 20:00:00,111112.0,112373.0,110908.8,111771.8,512.81279719
2025-08-27 00:00:00,111771.9,111833.6,110920.0,111428.1,473.02613229
2025-08-27 04:00:00,111428.1,111752.9,110638.7,110736.0,626.23044599
2025-08-27 08:00:00,110736.0,111374.4,110355.8,111316.9,473.10445592
2025-08-27 12:00:00,111316.9,112625.3,111012.2,112008.2,1034.87826047
2025-08-27 16:00:00,112008.3,112600.0,111548.0,112088.0,542.43928365
2025-08-27 20:00:00,112086.1,112455.0,110920.0,111254.1,864.40912313
2025-08-28 00:00:00,111254.1,112059.9,110869.6,112007.9,415.53235413
2025-08-28 04:00:00,112007.9,113368.8,111951.0,113126.5,1141.36682629
2025-08-28 08:00:00,113126.4,113358.9,112826.4,112924.8,1107.90420203
2025-08-28 12:00:00,112924.7,113484.9,112374.1,112675.1,1132.61039964
2025-08-28 16:00:00,112675.2,113182.7,111890.7,111896.3,1048.17506405
2025-08-28 20:00:00,111896.4,112578.0,111858.2,112564.0,273.40803581
2025-08-29 00:00:00,112564.1,112642.0,111303.4,111714.0,448.01324635
2025-08-29 04:00:00,111714.1,111883.1,109900.8,110016.1,2036.72355146
2025-08-29 08:00:00,110016.1,110273.5,109400.0,110093.2,1097.93877763
2025-08-29 12:00:00,110093.2,111510.5,108092.1,108390.1,2375.31732982
2025-08-29 16:00:00,108390.0,108843.0,107929.9,108215.9,838.94916075
2025-08-29 20:00:00,108212.9,108556.3,107474.9,108385.7,526.89488976
2025-08-30 00:00:00,108385.8,108448.1,107343.7,108438.0,1272.72283978
2025-08-30 04:00:00,108438.0,108691.2,108114.2,108539.6,1853.15033971
2025-08-30 08:00:00,108539.9,108783.9,108408.2,108714.0,661.76200164
2025-08-30 12:00:00,108714.1,108922.9,108200.0,108871.7,809.66658626
2025-08-30 16:00:00,108868.9,108906.5,108604.9,108835.9,220.09002055
2025-08-30 20:00:00,108836.0,108841.4,108474.1,108815.0,170.27242177
2025-08-31 00:00:00,108815.1,109486.0,108798.0,109226.0,405.60179702
2025-08-31 04:00:00,109226.0,109240.0,108520.0,108709.8,299.89941226
2025-08-31 08:00:00,108709.7,109100.3,108308.2,108384.6,342.56129394
2025-08-31 12:00:00,108384.6,108844.6,108193.5,108801.7,449.18472693
2025-08-31 16:00:00,108801.7,109235.9,108549.7,108931.1,331.25472655
2025-08-31 20:00:00,108931.0,109231.2,108064.9,108248.3,476.73032531
2025-09-01 00:00:00,108248.0,108480.0,107400.0,107652.6,704.60939171
2025-09-01 04:00:00,107652.0,109435.2,107250.0,109435.1,843.7826593
2025-09-01 08:00:00,109435.1,109911.0,108187.4,108779.6,911.90379938
2025-09-01 12:00:00,108777.5,109522.0,108567.0,108787.1,743.26347783
2025-09-01 16:00:00,108787.1,109326.9,108386.4,109220.0,443.0377688
2025-09-01 20:00:00,109220.0,109454.0,107458.0,109235.9,695.11537945
2025-09-02 00:00:00,109236.0,110622.6,108888.9,110331.4,785.61299319
2025-09-02 04:00:00,110331.4,110618.7,110000.0,110235.9,878.06568164
2025-09-02 08:00:00,110236.0,110699.9,109569.8,109748.0,1011.80446263
2025-09-02 12:00:00,109748.0,111773.1,108386.5,110837.9,2749.06743656
2025-09-02 16:00:00,110837.9,111124.0,110178.0,110808.1,1019.35410839
2025-09-02 20:00:00,110808.1,111537.8,110720.1,111233.7,306.61652277
2025-09-03 00:00:00,111234.0,111780.0,110886.0,111042.2,662.05638595
2025-09-03 04:00:00,111042.2,111149.9,110530.0,111094.8,1042.0711847
2025-09-03 08:00:00,111094.8,111710.9,110882.0,111440.0,506.09559581
2025-09-03 12:00:00,111440.1,112519.2,111032.0,112215.5,951.62541564
2025-09-03 16:00:00,112215.5,112571.3,111681.7,112196.0,447.70132734
2025-09-03 20:00:00,112197.0,112257.0,111620.3,111700.0,227.13052174
2025-09-04 00:00:00,111700.0,112180.0,111130.4,111156.0,389.40252869
2025-09-04 04:00:00,111157.7,111323.1,110292.1,110468.1,485.58292261
2025-09-04 08:00:00,110468.0,111142.8,110428.0,110809.9,462.62449871
2025-09-04 12:00:00,110810.0,111124.9,109312.3,109496.1,1241.01802228
2025-09-04 16:00:00,109495.8,110194.0,109344.5,109794.6,534.86150624
2025-09-04 20:00:00,109794.6,111763.5,109741.6,110721.1,548.84586785
2025-09-05 00:00:00,110720.1,111490.7,110435.6,111315.9,397.23549615
2025-09-05 04:00:00,111316.0,113015.6,111144.4,112956.0,1233.84458819
2025-09-05 08:00:00,112956.0,112995.9,112132.0,112364.1,867.21147888
2025-09-05 12:00:00,112364.1,113400.0,110280.9,110712.3,2713.7605815
2025-09-05 16:00:00,110712.4,111615.4,110215.8,111609.5,430.31528811
2025-09-05 20:00:00,111609.5,111700.0,110362.0,110673.3,575.90696866
2025-09-06 00:00:00,110673.4,111356.1,110561.2,111085.9,1051.90281575
2025-09-06 04:00:00,111086.0,111086.0,110700.0,110841.1,264.75244834
2025-09-06 08:00:00,110841.0,110974.3,110675.5,110790.7,174.87248057
2025-09-06 12:00:00,110790.8,111004.4,110345.8,110384.1,307.31267025
2025-09-06 16:00:00,110384.1,110412.4,109967.1,110049.9,1291.3185632
2025-09-06 20:00:00,110049.9,110293.3,110038.1,110192.1,115.56965938
2025-09-07 00:00:00,110192.1,110741.1,110181.0,110637.8,175.18976281
2025-09-07 04:00:00,110637.8,110956.3,110473.5,110770.3,1340.9171175
2025-09-07 08:00:00,110770.2,111379.9,110722.0,111299.9,1419.64635095
2025-09-07 12:00:00,111300.0,111415.1,111045.8,111336.4,258.57067721
2025-09-07 16:00:00,111336.4,111372.9,110866.9,111257.9,147.28135196
2025-09-07 20:00:00,111257.9,111610.2,111002.0,111137.6,202.5283758
2025-09-08 00:00:00,111137.6,111370.0,110608.8,111048.0,990.64219021
2025-09-08 04:00:00,111048.0,111602.0,110904.7,111267.9,492.75841024
2025-09-08 08:00:00,111268.0,112231.8,111241.8,112056.0,754.79810322
2025-09-08 12:00:00,112056.1,112920.4,111869.2,112638.2,829.63387681
2025-09-08 16:00:00,112638.5,112678.0,111981.7,112110.7,477.34783979
2025-09-08 20:00:00,112110.7,112510.0,111900.0,112063.4,243.22715194
2025-09-09 00:00:00,112063.5,112106.0,111117.9,111702.7,576.37790202
2025-09-09 04:00:00,111702.8,113277.5,111622.9,112981.7,1927.87686487
2025-09-09 08:00:00,112981.7,113170.0,112411.4,112433.0,468.06796864
2025-09-09 12:00:00,112433.1,112961.3,110762.0,110869.9,2171.04567374
2025-09-09 16:00:00,110869.9,111396.2,110772.1,111302.3,530.8183446
2025-09-09 20:00:00,111302.4,111730.0,111092.4,111541.9,295.83747097
2025-09-10 00:00:00,111542.0,111579.3,110923.1,111549.9,429.13003176
2025-09-10 04:00:00,111550.0,112590.1,111370.3,112549.9,1838.84721021
2025-09-10 08:00:00,112549.9,112852.6,112102.1,112308.0,639.25255365
2025-09-10 12:00:00,112308.4,114318.0,112308.4,113850.1,2280.00220258
2025-09-10 16:00:00,113852.1,114088.0,113154.1,113568.0,788.27473672
2025-09-10 20:00:00,113569.0,114028.0,113516.8,113957.7,563.38518959
2025-09-11 00:00:00,113957.7,114450.1,113657.9,114417.0,1257.08449515
2025-09-11 04:00:00,114417.1,114462.0,113935.3,114082.4,569.21442918
2025-09-11 08:00:00,114082.5,114200.0,113775.0,114015.9,633.99222597
2025-09-11 12:00:00,114016.0,114731.4,113417.5,114186.0,1794.99614444
2025-09-11 16:00:00,114186.1,114629.9,114092.0,114425.9,365.97505697
2025-09-11 20:00:00,114425.9,115480.0,114264.0,115477.9,498.40735049
2025-09-12 00:00:00,115477.9,116325.2,115050.2,115200.1,1051.23501956
2025-09-12 04:00:00,115200.0,115666.6,115082.0,115089.5,1002.53851786
2025-09-12 08:00:00,115089.5,115276.8,114880.1,114933.5,538.03748824
2025-09-12 12:00:00,114933.6,115476.0,114750.1,115120.8,632.24049496
2025-09-12 16:00:00,115120.8,116666.0,115038.5,116643.6,1126.06186046
2025-09-12 20:00:00,116643.6,116643.6,115753.6,116030.1,553.42183662
2025-09-13 00:00:00,116030.1,116285.3,115588.0,115977.8,660.42602219
2025-09-13 04:00:00,115977.8,115977.9,115657.8,115780.5,721.65676554
2025-09-13 08:00:00,115780.5,116194.0,115780.5,115976.7,334.62961699
2025-09-13 12:00:00,115976.7,116065.4,115600.1,115782.5,359.1021782
2025-09-13 16:00:00,115782.5,115823.1,115116.5,115792.6,478.5373326
2025-09-13 20:00:00,115793.2,115995.0,115793.2,115924.4,115.35780402
2025-09-14 00:00:00,115924.5,116122.0,115648.5,115676.0,325.5004962
2025-09-14 04:00:00,115676.0,115939.3,115464.7,115802.0,216.97273916
2025-09-14 08:00:00,115802.0,116164.4,115753.0,115801.2,345.51203425
2025-09-14 12:00:00,115801.3,115879.3,115167.0,115224.0,490.51663743
2025-09-14 16:00:00,115224.1,115670.4,115200.0,115635.3,353.05240527
2025-09-14 20:00:00,115635.4,116083.0,115131.3,115268.3,398.7328384
2025-09-15 00:00:00,115268.4,115580.8,114822.5,115442.0,419.98321945
2025-09-15 04:00:00,115442.1,116773.1,115397.0,115809.9,1852.18099924
2025-09-15 08:00:00,115810.0,115814.0,114623.3,115054.6,1189.22967097
2025-09-15 12:00:00,115054.7,115094.0,114370.0,114841.1,1030.93153241
2025-09-15 16:00:00,114841.1,115575.9,114601.1,115304.0,848.69436583
2025-09-15 20:00:00,115304.3,115607.9,115208.0,115350.6,241.06615391
2025-09-16 00:00:00,115350.6,115526.4,114952.0,115300.5,323.08811322
2025-09-16 04:00:00,115300.5,116016.0,114937.5,115833.5,1470.34199867
2025-09-16 08:00:00,115833.6,115983.0,115203.4,115291.0,630.30772659
2025-09-16 12:00:00,115291.1,115920.0,114708.0,115919.9,765.56132318
2025-09-16 16:00:00,115920.0,116893.5,115610.8,116814.8,1105.77949511
2025-09-16 20:00:00,116814.8,116969.3,116600.0,116797.7,335.73681042
2025-09-17 00:00:00,116797.8,117080.0,116370.0,116370.1,446.54464085
2025-09-17 04:00:00,116370.2,117282.0,116159.6,117159.0,722.1663952
2025-09-17 08:00:00,117159.0,117220.3,116242.5,116257.4,541.32226208
2025-09-17 12:00:00,116257.6,116532.5,115458.0,115884.7,1086.98537778
2025-09-17 16:00:00,115884.7,116320.0,114722.0,115638.0,2355.78764657
2025-09-17 20:00:00,115638.9,116999.9,115318.3,116451.3,1441.66299293
2025-09-18 00:00:00,116451.3,117900.0,116095.4,117591.0,1054.7869223
2025-09-18 04:00:00,117590.9,117767.4,116893.2,117085.6,1181.09471262
2025-09-18 08:00:00,117085.7,117420.7,117011.1,117076.6,422.8003173
2025-09-18 12:00:00,117076.6,117850.0,116946.9,117596.6,1331.71214971
2025-09-18 16:00:00,117596.6,117910.0,117198.4,117466.1,551.59728808
2025-09-18 20:00:00,117466.1,117666.4,116647.0,117081.1,444.61675026
2025-09-19 00:00:00,117081.0,117469.0,116875.0,116980.0,436.35417708
2025-09-19 04:00:00,116979.9,117104.0,116640.0,116914.9,420.45840265
2025-09-19 08:00:00,116914.9,117100.0,116303.7,116396.1,671.99232319
2025-09-19 12:00:00,116396.1,116537.6,115466.1,115880.1,891.76313907
2025-09-19 16:00:00,115880.0,116142.0,115100.0,115123.2,598.74211218
2025-09-19 20:00:00,115123.2,115659.9,115088.0,115630.1,238.49497335
2025-09-20 00:00:00,115630.1,115729.6,115416.0,115454.0,166.89326554
2025-09-20 04:00:00,115454.0,115985.0,115408.0,115962.0,432.90547995
2025-09-20 08:00:00,115962.0,115962.0,115652.5,115892.1,183.48414824
2025-09-20 12:00:00,115892.0,116136.9,115806.1,115989.9,190.46854562
2025-09-20 16:00:00,115990.0,116096.1,115680.8,115681.0,160.72516185
2025-09-20 20:00:00,115682.0,115940.0,115586.2,115685.9,336.84470588
2025-09-21 00:00:00,115686.0,115730.1,115446.0,115668.6,228.95841241
2025-09-21 04:00:00,115668.7,115820.0,115477.9,115820.0,198.93973201
2025-09-21 08:00:00,115819.9,115826.0,115766.2,115766.3,3.66333166
