x,y,base_amount,sharpe_ratio,max_drawdown,total_return,score
0.05,0.4,2000.0,0.6250358120140438,-0.177130965043039,0.37085890458726933,-0.6250358120140438
0.06999999999999999,0.6,2000.0,0.6240026961866655,-0.18321709970501723,0.37554696680775723,-0.6240026961866655
0.060000000000000005,0.5,2000.0,0.6234080767760405,-0.18068651179315973,0.37426093236421965,-0.6234080767760405
0.08,0.7000000000000001,2000.0,0.6135824589382834,-0.18511009377201051,0.3689755414027253,-0.6135824589382834
0.03,0.1,500.0,0.6107136901182424,-0.19527725575436355,0.381764386172599,-0.6107136901182424
0.060000000000000005,0.2,500.0,0.6107136901182424,-0.19527725575436355,0.381764386172599,-0.6107136901182424
0.08,0.6,2000.0,0.6095316597100714,-0.192378952511137,0.3700119163925317,-0.6095316597100714
0.04,0.30000000000000004,2000.0,0.6095316597100695,-0.19237895251113715,0.3700119163925312,-0.6095316597100695
0.060000000000000005,0.4,2000.0,0.6085936895064862,-0.1881119724200617,0.3687269313191191,-0.6085936895064862
0.03,0.2,2000.0,0.6085936895064853,-0.1881119724200618,0.36872693131911927,-0.6085936895064853
0.06999999999999999,0.30000000000000004,500.0,0.6057976912573879,-0.19702342726917202,0.37962713943030485,-0.6057976912573879
0.05,0.1,500.0,0.604436355186291,-0.195765055390754,0.37532821370657404,-0.604436355186291
0.06999999999999999,0.5,2000.0,0.6036396396973681,-0.1928096664157135,0.36690566539672,-0.6036396396973681
0.06999999999999999,0.5,1500.0,0.6024193347669904,-0.18411689060170375,0.3661687883038419,-0.6024193347669904
0.06999999999999999,0.1,500.0,0.6020438688245676,-0.19567941419101656,0.3726706459963194,-0.6020438688245676
0.06999999999999999,0.4,500.0,0.6019306118196545,-0.20303488453954288,0.3847648433451066,-0.6019306118196545
0.08,0.30000000000000004,500.0,0.6012002425594456,-0.20218767040198007,0.38057094261181357,-0.6012002425594456
0.03,0.2,500.0,0.600731574555578,-0.19718041999744107,0.3778752385347756,-0.600731574555578
0.060000000000000005,0.4,500.0,0.6007315745555766,-0.19718041999744107,0.3778752385347756,-0.6007315745555766
0.06999999999999999,0.2,2000.0,0.6001000221686288,-0.17334807139846753,0.3512790207268921,-0.6001000221686288
0.06999999999999999,0.2,500.0,0.6000719727448135,-0.1997894196757621,0.37438474286812307,-0.6000719727448135
0.03,0.1,1500.0,0.5979313165456275,-0.17874509162022273,0.3568357640323744,-0.5979313165456275
0.060000000000000005,0.2,1500.0,0.5979313165456251,-0.1787450916202226,0.3568357640323742,-0.5979313165456251
0.060000000000000005,0.1,500.0,0.5978582894700867,-0.20043987511902805,0.37269473157328975,-0.5978582894700867
0.08,0.1,500.0,0.5978469885588478,-0.20261442127068363,0.37634395047325814,-0.5978469885588478
0.06999999999999999,0.5,500.0,0.5958807353769149,-0.2032127147376517,0.380636783890906,-0.5958807353769149
0.08,0.5,1500.0,0.594886481233451,-0.192607389491609,0.36357952306061636,-0.594886481233451
0.05,0.2,500.0,0.594183313117184,-0.20257453336458828,0.37446332433218793,-0.594183313117184
0.08,0.4,500.0,0.5941488929910854,-0.20308009562504922,0.3763022890723576,-0.5941488929910854
0.02,0.1,500.0,0.5941488929910854,-0.20308009562504922,0.3763022890723576,-0.5941488929910854
0.04,0.2,500.0,0.5941488929910854,-0.20308009562504922,0.3763022890723576,-0.5941488929910854
0.060000000000000005,0.30000000000000004,500.0,0.5941488929910854,-0.20308009562504922,0.3763022890723576,-0.5941488929910854
0.05,0.4,1500.0,0.593961056369294,-0.19400278197054557,0.366839773304769,-0.593961056369294
0.06999999999999999,0.6,1500.0,0.5939379500645143,-0.20053198671518074,0.3726331719571455,-0.5939379500645143
0.08,0.2,500.0,0.5934574339123535,-0.20308117654457325,0.37348328665728747,-0.5934574339123535
0.04,0.1,500.0,0.5934574339123535,-0.20308117654457325,0.37348328665728747,-0.5934574339123535
0.08,0.6,1500.0,0.5932997802007394,-0.18824953543394135,0.3622363226100326,-0.5932997802007394
0.04,0.30000000000000004,1500.0,0.5932997802007389,-0.1882495354339415,0.362236322610032,-0.5932997802007389
0.060000000000000005,0.5,1500.0,0.593130761694167,-0.19781740676148107,0.370805447528225,-0.593130761694167
0.08,0.2,2000.0,0.5929856010062264,-0.19369841621234793,0.3588798246808683,-0.5929856010062264
0.04,0.1,2000.0,0.5929856010062264,-0.19369841621234793,0.3588798246808683,-0.5929856010062264
0.06999999999999999,0.6,500.0,0.5928388143680873,-0.19780997254278057,0.3704390190212238,-0.5928388143680873
0.05,0.30000000000000004,500.0,0.5926307766670661,-0.2034078445554556,0.3769319678980384,-0.5926307766670661
0.060000000000000005,0.2,2000.0,0.5895054091240778,-0.18077168593842827,0.3519666460631728,-0.5895054091240778
0.03,0.1,2000.0,0.5895054091240751,-0.18077168593842813,0.3519666460631728,-0.5895054091240751
0.03,0.2,1500.0,0.589399323587437,-0.19657943936853234,0.36236839597255166,-0.589399323587437
0.060000000000000005,0.4,1500.0,0.589399323587435,-0.19657943936853234,0.36236839597255127,-0.589399323587435
0.060000000000000005,0.5,500.0,0.5889202427770927,-0.20108253298758402,0.36900078221230925,-0.5889202427770927
0.08,0.5,500.0,0.5873565389629632,-0.20237766069013982,0.3705043734701165,-0.5873565389629632
0.08,0.7000000000000001,500.0,0.5871878912471589,-0.19978985387655873,0.36720990658987523,-0.5871878912471589
0.08,0.7000000000000001,1500.0,0.5857019728250541,-0.20256239690212485,0.366988548052763,-0.5857019728250541
0.08,0.30000000000000004,1500.0,0.5846077968160712,-0.18499161564297237,0.35319649334284003,-0.5846077968160712
0.08,0.6,500.0,0.583416387232813,-0.20311558904017926,0.36882952880817066,-0.583416387232813
0.04,0.30000000000000004,500.0,0.583416387232812,-0.20311558904017923,0.36882952880817066,-0.583416387232812
0.05,0.2,1500.0,0.5783190689225156,-0.1887193333277273,0.3518419183375887,-0.5783190689225156
0.05,0.4,500.0,0.5781619227680006,-0.2024270369264408,0.36212298844465,-0.5781619227680006
0.08,0.1,1500.0,0.5780784109439498,-0.17953437004889966,0.3418617189002787,-0.5780784109439498
0.060000000000000005,0.4,1000.0,0.5780651203575273,-0.19065257388279852,0.35396254763931684,-0.5780651203575273
0.03,0.2,1000.0,0.5780651203575271,-0.1906525738827985,0.353962547639317,-0.5780651203575271
0.06999999999999999,0.30000000000000004,2000.0,0.5774294022286361,-0.19543397077766117,0.3537052191196253,-0.5774294022286361
0.08,0.30000000000000004,2000.0,0.576468288681358,-0.1872165406366169,0.34693967793639274,-0.576468288681358
0.05,0.2,2000.0,0.5763282653832397,-0.19106091885466225,0.34492444876626543,-0.5763282653832397
0.05,0.2,1000.0,0.575636624921432,-0.19768872681868968,0.3544860718013089,-0.575636624921432
0.04,0.1,1000.0,0.5748399608191795,-0.18999778514325322,0.3501203114274698,-0.5748399608191795
0.08,0.2,1000.0,0.5748399608191795,-0.18999778514325322,0.3501203114274698,-0.5748399608191795
0.08,0.5,1000.0,0.5739019795516931,-0.19817301939611984,0.3538105506160431,-0.5739019795516931
0.06999999999999999,0.30000000000000004,1000.0,0.5733875137519278,-0.1905508944063739,0.3493008055829208,-0.5733875137519278
0.05,0.4,1000.0,0.5725354473289247,-0.2030218558247416,0.35732644535659747,-0.5725354473289247
0.06999999999999999,0.5,1000.0,0.5719540727004874,-0.19636619361940616,0.35489053495254264,-0.5719540727004874
0.08,0.4,1500.0,0.5715125569915367,-0.2034807529113721,0.36300097673246656,-0.5715125569915367
0.04,0.2,1500.0,0.5715125569915367,-0.2034807529113721,0.36300097673246656,-0.5715125569915367
0.02,0.1,1500.0,0.5715125569915367,-0.2034807529113721,0.36300097673246656,-0.5715125569915367
0.060000000000000005,0.30000000000000004,1500.0,0.5715125569915364,-0.2034807529113721,0.36300097673246656,-0.5715125569915364
0.060000000000000005,0.30000000000000004,2000.0,0.5713994890989649,-0.20321833362635583,0.36243767552945666,-0.5713994890989649
0.02,0.1,2000.0,0.5713994890989594,-0.2032183336263557,0.3624376755294568,-0.5713994890989594
0.04,0.2,2000.0,0.5713994890989594,-0.2032183336263557,0.3624376755294568,-0.5713994890989594
0.08,0.4,2000.0,0.5713994890989594,-0.2032183336263557,0.3624376755294568,-0.5713994890989594
0.060000000000000005,0.5,1000.0,0.5707865516708794,-0.1969464347231442,0.34782282890963306,-0.5707865516708794
0.060000000000000005,0.1,2000.0,0.5702363442807086,-0.19944964058649203,0.35478023546562254,-0.5702363442807086
0.06999999999999999,0.6,1000.0,0.5700563222785434,-0.1994192113612358,0.34838428097028773,-0.5700563222785434
0.06999999999999999,0.30000000000000004,1500.0,0.5697656341956602,-0.1929611765526673,0.3479716397507791,-0.5697656341956602
0.04,0.30000000000000004,1000.0,0.5692390903412784,-0.200629031392764,0.3567130149849092,-0.5692390903412784
0.08,0.6,1000.0,0.5692390903412776,-0.2006290313927639,0.35671301498490904,-0.5692390903412776
0.06999999999999999,0.1,2000.0,0.5690608168925166,-0.19476775208324024,0.34555015926245614,-0.5690608168925166
0.08,0.1,2000.0,0.568170080975209,-0.1912405860024801,0.33862760211008097,-0.568170080975209
0.060000000000000005,0.1,1000.0,0.5673879529827214,-0.1985653109558465,0.3502657139173834,-0.5673879529827214
0.06999999999999999,0.1,1000.0,0.5662467779586323,-0.19399557416680385,0.34135237868171026,-0.5662467779586323
0.03,0.1,1000.0,0.5660717939120925,-0.2035505208283345,0.3579950765618523,-0.5660717939120925
0.060000000000000005,0.2,1000.0,0.5660717939120925,-0.2035505208283345,0.3579950765618523,-0.5660717939120925
0.06999999999999999,0.2,1000.0,0.565833573602391,-0.19601484758593873,0.34468849478590674,-0.565833573602391
0.08,0.1,1000.0,0.5653822524774863,-0.1905535861922853,0.3346673772549562,-0.5653822524774863
0.05,0.1,1000.0,0.5652148829342812,-0.20339642587629847,0.35471762130535955,-0.5652148829342812
0.08,0.2,1500.0,0.5646026306957349,-0.2021015657200486,0.3546033292864482,-0.5646026306957349
0.04,0.1,1500.0,0.5646026306957349,-0.2021015657200486,0.3546033292864482,-0.5646026306957349
0.08,0.7000000000000001,1000.0,0.5643966003374701,-0.2012695976523488,0.3448445597722148,-0.5643966003374701
0.04,0.2,1000.0,0.563825582430871,-0.20075209054839094,0.3514675394172269,-0.563825582430871
0.08,0.4,1000.0,0.563825582430871,-0.20075209054839094,0.3514675394172269,-0.563825582430871
0.060000000000000005,0.30000000000000004,1000.0,0.563825582430871,-0.20075209054839094,0.3514675394172269,-0.563825582430871
0.02,0.1,1000.0,0.563825582430871,-0.20075209054839094,0.3514675394172269,-0.563825582430871
0.05,0.1,1500.0,0.56236005911678,-0.19313859391192503,0.33723958718647884,-0.56236005911678
0.060000000000000005,0.1,1500.0,0.5608363421780467,-0.18711612802750532,0.3256637591198323,-0.5608363421780467
0.06999999999999999,0.1,1500.0,0.5597332367372245,-0.18279103730741683,0.3173953105007991,-0.5597332367372245
0.05,0.30000000000000004,1500.0,0.5594212805933004,-0.202731592272696,0.3455636965552714,-0.5594212805933004
0.06999999999999999,0.4,1500.0,0.5586114419306367,-0.19922992147381574,0.3403723529687413,-0.5586114419306367
0.08,0.5,2000.0,0.5573422138281976,-0.2012335449071061,0.34071963866804345,-0.5573422138281976
0.06999999999999999,0.4,2000.0,0.5567974277952262,-0.19502389347031743,0.33316805685155504,-0.5567974277952262
0.05,0.30000000000000004,2000.0,0.5563893241372855,-0.19834099832929875,0.33668762187821905,-0.5563893241372855
0.060000000000000005,0.6,500.0,0.5540549647177921,-0.20000543268314883,0.3275600018408291,-0.5540549647177921
0.01,0.1,500.0,0.554054964717792,-0.20000543268314883,0.3275600018408295,-0.554054964717792
0.02,0.2,500.0,0.554054964717792,-0.20000543268314883,0.3275600018408295,-0.554054964717792
0.04,0.4,500.0,0.554054964717792,-0.20000543268314883,0.3275600018408295,-0.554054964717792
0.08,0.8,500.0,0.554054964717792,-0.20000543268314883,0.3275600018408295,-0.554054964717792
0.05,0.5,500.0,0.5540549647177914,-0.20000543268314883,0.3275600018408297,-0.5540549647177914
0.03,0.30000000000000004,500.0,0.5540549647177909,-0.20000543268314894,0.3275600018408288,-0.5540549647177909
0.06999999999999999,0.7000000000000001,500.0,0.5540549647177841,-0.20000543268314894,0.32756000184082806,-0.5540549647177841
0.06999999999999999,0.2,1500.0,0.5533847730781392,-0.2014902152235068,0.3387245678188872,-0.5533847730781392
0.08,0.30000000000000004,1000.0,0.5533325796150388,-0.20315297870161442,0.3429263440271699,-0.5533325796150388
0.05,0.1,2000.0,0.5532679318499386,-0.1990498862507163,0.33316312047854646,-0.5532679318499386
0.06999999999999999,0.4,1000.0,0.5530647699352749,-0.20037503138136764,0.33892862363154563,-0.5530647699352749
0.05,0.30000000000000004,1000.0,0.5528374432323406,-0.20302196529051728,0.3423726040631438,-0.5528374432323406
0.06999999999999999,0.7000000000000001,1000.0,0.5429479581089995,-0.19115166673747172,0.30806860746375275,-0.5429479581089995
0.02,0.2,1000.0,0.5429479581089968,-0.19115166673747172,0.3080686074637544,-0.5429479581089968
0.08,0.8,1000.0,0.5429479581089968,-0.19115166673747172,0.3080686074637544,-0.5429479581089968
0.04,0.4,1000.0,0.5429479581089968,-0.19115166673747172,0.3080686074637544,-0.5429479581089968
0.01,0.1,1000.0,0.5429479581089968,-0.19115166673747172,0.3080686074637544,-0.5429479581089968
0.03,0.30000000000000004,1000.0,0.5429479581089961,-0.19115166673747172,0.3080686074637533,-0.5429479581089961
0.05,0.5,1000.0,0.542947958108996,-0.19115166673747172,0.30806860746375403,-0.542947958108996
0.060000000000000005,0.6,1000.0,0.5429479581089948,-0.19115166673747172,0.30806860746375353,-0.5429479581089948
0.05,0.5,2000.0,0.5415522955999896,-0.1982435556275121,0.3149027864887221,-0.5415522955999896
0.060000000000000005,0.6,2000.0,0.5415522955999895,-0.19824355562751195,0.3149027864887219,-0.5415522955999895
0.03,0.30000000000000004,2000.0,0.5415522955999891,-0.1982435556275121,0.31490278648872133,-0.5415522955999891
0.08,0.8,2000.0,0.5415522955999885,-0.1982435556275121,0.31490278648872244,-0.5415522955999885
0.02,0.2,2000.0,0.5415522955999885,-0.1982435556275121,0.31490278648872244,-0.5415522955999885
0.04,0.4,2000.0,0.5415522955999885,-0.1982435556275121,0.31490278648872244,-0.5415522955999885
0.01,0.1,2000.0,0.5415522955999885,-0.1982435556275121,0.31490278648872244,-0.5415522955999885
0.06999999999999999,0.7000000000000001,2000.0,0.5415522955999882,-0.1982435556275121,0.31490278648872133,-0.5415522955999882
0.06999999999999999,0.7000000000000001,1500.0,0.5220099486696682,-0.18768233370632217,0.28309449157725575,-0.5220099486696682
0.060000000000000005,0.6,1500.0,0.522009948669667,-0.18768233370632204,0.283094491577257,-0.522009948669667
0.03,0.30000000000000004,1500.0,0.522009948669667,-0.18768233370632217,0.2830944915772556,-0.522009948669667
0.04,0.4,1500.0,0.5220099486696663,-0.18768233370632217,0.2830944915772552,-0.5220099486696663
0.01,0.1,1500.0,0.5220099486696663,-0.18768233370632217,0.2830944915772552,-0.5220099486696663
0.02,0.2,1500.0,0.5220099486696663,-0.18768233370632217,0.2830944915772552,-0.5220099486696663
0.08,0.8,1500.0,0.5220099486696663,-0.18768233370632217,0.2830944915772552,-0.5220099486696663
0.05,0.5,1500.0,0.5220099486696658,-0.18768233370632217,0.2830944915772559,-0.5220099486696658
0.01,0.8,1000.0,0.49498648908056675,-0.1820568693479363,0.23643603909143548,-0.49498648908056675
0.01,0.7000000000000001,1000.0,0.4879724065680773,-0.18545372708108251,0.23967512195188448,-0.4879724065680773
0.01,0.6,1000.0,0.4783443499973273,-0.19439621911247063,0.24165900133025406,-0.4783443499973273
0.06999999999999999,0.8,500.0,0.4694440779419822,-0.20219279929412495,0.2602925832539071,-0.4694440779419822
0.01,0.4,500.0,0.46395896196422487,-0.20223662758682767,0.24382186581609586,-0.46395896196422487
0.02,0.8,500.0,0.46395896196422487,-0.20223662758682767,0.24382186581609586,-0.46395896196422487
0.02,0.6,500.0,0.4609292425624885,-0.20338882455863347,0.24539528524302423,-0.4609292425624885
0.01,0.30000000000000004,500.0,0.4609292425624871,-0.20338882455863364,0.2453952852430244,-0.4609292425624871
0.03,0.7000000000000001,1000.0,0.4608773575695191,-0.19390168776170358,0.23543487165464175,-0.4608773575695191
0.04,0.5,1500.0,0.4584650888023242,-0.19275589001629542,0.23573574531790437,-0.4584650888023242
0.060000000000000005,0.7000000000000001,500.0,0.4581817826031352,-0.2030251333771669,0.2507991587415021,-0.4581817826031352
0.03,0.7000000000000001,500.0,0.4552391150841587,-0.20262434551379996,0.2397490415325494,-0.4552391150841587
0.01,0.8,2000.0,0.4547198692243049,-0.12572007224923196,0.15987644131480755,-0.4547198692243049
0.04,0.8,500.0,0.4542344012714525,-0.2015571490328449,0.2381212104424685,-0.4542344012714525
0.02,0.4,500.0,0.4542344012714525,-0.2015571490328449,0.2381212104424685,-0.4542344012714525
0.01,0.2,500.0,0.4542344012714525,-0.2015571490328449,0.2381212104424685,-0.4542344012714525
0.03,0.6,500.0,0.4542344012714523,-0.2015571490328449,0.2381212104424685,-0.4542344012714523
0.04,0.7000000000000001,500.0,0.4529502843693736,-0.19863271474766678,0.23861094539725983,-0.4529502843693736
0.03,0.5,500.0,0.4510339269823539,-0.19943152813186416,0.23647667440855202,-0.4510339269823539
0.02,0.7000000000000001,500.0,0.449742601029509,-0.20113346659564715,0.2308451411497821,-0.449742601029509
0.02,0.5,1000.0,0.44848355458872197,-0.19841803988382523,0.230667004831552,-0.44848355458872197
0.02,0.7000000000000001,1500.0,0.44785453742359743,-0.19730822457752495,0.2267527962494769,-0.44785453742359743
0.05,0.7000000000000001,1000.0,0.4473211650850316,-0.1952398169469319,0.23024214530702394,-0.4473211650850316
0.03,0.8,1000.0,0.4456783615554073,-0.19645967521726287,0.2296567337798433,-0.4456783615554073
0.01,0.7000000000000001,500.0,0.44562653733403224,-0.19571742004222867,0.21523628423690006,-0.44562653733403224
0.02,0.5,500.0,0.4436657039838161,-0.199077923425953,0.2271092351921883,-0.4436657039838161
0.03,0.8,500.0,0.4429412061251541,-0.20227778374636324,0.23018270124053142,-0.4429412061251541
0.060000000000000005,0.8,1500.0,0.44287669574754573,-0.19612281635177928,0.2268110041485539,-0.44287669574754573
0.03,0.4,1500.0,0.4428766957475409,-0.19612281635177928,0.22681100414855318,-0.4428766957475409
0.05,0.7000000000000001,1500.0,0.44265272330289107,-0.18508756954509012,0.22294118521265827,-0.44265272330289107
0.02,0.30000000000000004,1000.0,0.439951134573176,-0.19942529650887666,0.22799304974968618,-0.439951134573176
0.04,0.6,1000.0,0.4399511345731717,-0.19942529650887666,0.22799304974968546,-0.4399511345731717
0.01,0.8,500.0,0.4394469927706618,-0.18556758802185774,0.19964415557402698,-0.4394469927706618
0.05,0.8,500.0,0.43795881940320897,-0.20082513441075767,0.22865359906998928,-0.43795881940320897
0.01,0.5,1000.0,0.43793575382367256,-0.18976660011687516,0.20816513816935223,-0.43793575382367256
0.05,0.8,1000.0,0.4357158262046842,-0.19693452010219517,0.22643846256567995,-0.4357158262046842
0.05,0.6,500.0,0.43553094698460915,-0.2030441075354899,0.23372338131616033,-0.43553094698460915
0.06999999999999999,0.8,1000.0,0.4352291968518516,-0.20265092098948723,0.2321022849376226,-0.4352291968518516
0.04,0.5,1000.0,0.43184931390578707,-0.19415251194345534,0.2206164713459131,-0.43184931390578707
0.060000000000000005,0.7000000000000001,2000.0,0.43183599284194296,-0.20092746689297972,0.2223666170115357,-0.43183599284194296
0.01,0.6,500.0,0.431232105605726,-0.19736682262827704,0.21267562122166,-0.431232105605726
0.01,0.2,2000.0,0.43087926555413025,-0.18909149628100824,0.21071752456242648,-0.43087926555413025
0.02,0.4,2000.0,0.43087926555413025,-0.18909149628100824,0.21071752456242648,-0.43087926555413025
0.04,0.8,2000.0,0.43087926555413025,-0.18909149628100824,0.21071752456242648,-0.43087926555413025
0.03,0.6,2000.0,0.4308792655541257,-0.18909149628100813,0.21071752456242648,-0.4308792655541257
0.02,0.8,1500.0,0.43085406575214086,-0.2019387735659015,0.2207124891720394,-0.43085406575214086
0.01,0.4,1500.0,0.43085406575214086,-0.2019387735659015,0.2207124891720394,-0.43085406575214086
0.05,0.6,1000.0,0.42991607777105056,-0.19004372780357465,0.21685013582190948,-0.42991607777105056
0.04,0.5,500.0,0.42948782568307264,-0.20024062227854983,0.2264152377223976,-0.42948782568307264
0.03,0.4,500.0,0.42916793820874116,-0.2010774723427833,0.2255593926139747,-0.42916793820874116
0.060000000000000005,0.8,500.0,0.42916793820873844,-0.20107747234278345,0.22555939261397506,-0.42916793820873844
0.05,0.7000000000000001,500.0,0.4287954048397874,-0.20074601652046556,0.2259855088162287,-0.4287954048397874
0.04,0.6,500.0,0.42843223912213063,-0.20237209090858535,0.22409690350985512,-0.42843223912213063
0.02,0.30000000000000004,500.0,0.4284322391221281,-0.20237209090858538,0.22409690350985492,-0.4284322391221281
0.05,0.6,2000.0,0.4267030019421906,-0.20257559629565908,0.22003967295125385,-0.4267030019421906
0.02,0.30000000000000004,1500.0,0.42575858084844487,-0.19299235521761235,0.21634024274286257,-0.42575858084844487
0.04,0.6,1500.0,0.4257585808484445,-0.1929923552176125,0.21634024274286293,-0.4257585808484445
0.05,0.8,1500.0,0.4254622074598754,-0.20082365770159438,0.22256518983000861,-0.4254622074598754
0.060000000000000005,0.8,1000.0,0.4250037233903209,-0.200960124800367,0.21945580662064276,-0.4250037233903209
0.03,0.4,1000.0,0.4250037233903203,-0.200960124800367,0.21945580662064204,-0.4250037233903203
0.060000000000000005,0.7000000000000001,1000.0,0.4248953177045472,-0.20124352662822514,0.2229273564768557,-0.4248953177045472
0.01,0.5,500.0,0.4216894446760362,-0.19751220174293727,0.2039968539834539,-0.4216894446760362
0.06999999999999999,0.8,2000.0,0.4208895860954924,-0.20163552591330447,0.22164937038794996,-0.4208895860954924
0.03,0.7000000000000001,2000.0,0.42041143658315194,-0.19650988997911228,0.20856170618748165,-0.42041143658315194
0.02,0.8,2000.0,0.4199436755083969,-0.19771926471614787,0.20025109544844164,-0.4199436755083969
0.01,0.4,2000.0,0.4199436755083969,-0.19771926471614787,0.20025109544844164,-0.4199436755083969
0.01,0.5,1500.0,0.41991257387558495,-0.19968478569084414,0.20776472310574373,-0.41991257387558495
0.03,0.5,1000.0,0.4197894607543586,-0.20199978941793517,0.2188819182184403,-0.4197894607543586
0.01,0.30000000000000004,1500.0,0.41725712133013704,-0.1891771968130981,0.1983786503882764,-0.41725712133013704
0.02,0.6,1500.0,0.4172571213301367,-0.18917719681309794,0.1983786503882762,-0.4172571213301367
0.04,0.8,1000.0,0.4152279109999603,-0.1983371601286827,0.20673886686504064,-0.4152279109999603
0.01,0.2,1000.0,0.4152279109999603,-0.1983371601286827,0.20673886686504064,-0.4152279109999603
0.02,0.4,1000.0,0.4152279109999603,-0.1983371601286827,0.20673886686504064,-0.4152279109999603
0.03,0.6,1000.0,0.4152279109999599,-0.1983371601286827,0.20673886686504084,-0.4152279109999599
0.02,0.6,1000.0,0.4135117426288598,-0.20157003262568557,0.2105492106714373,-0.4135117426288598
0.01,0.30000000000000004,1000.0,0.41351174262885654,-0.2015700326256854,0.2105492106714375,-0.41351174262885654
0.03,0.5,1500.0,0.41310501068321015,-0.20113157007599589,0.21335173587195422,-0.41310501068321015
0.06999999999999999,0.8,1500.0,0.4116906276861676,-0.20011037652265717,0.21096704642786607,-0.4116906276861676
0.05,0.6,1500.0,0.4116139738313903,-0.20229820484242864,0.21115103329339927,-0.4116139738313903
0.04,0.7000000000000001,1000.0,0.41158581225731805,-0.20295273400307676,0.21404530114398784,-0.41158581225731805
0.060000000000000005,0.7000000000000001,1500.0,0.40928290008003704,-0.20216527170031387,0.21033654757263376,-0.40928290008003704
0.04,0.7000000000000001,1500.0,0.40814253568888414,-0.20182034896947496,0.2103808532358249,-0.40814253568888414
0.02,0.5,2000.0,0.40456550840675315,-0.19005757768618803,0.19754020003629102,-0.40456550840675315
0.04,0.5,2000.0,0.40445255325835744,-0.2007084411623178,0.20334816592373955,-0.40445255325835744
0.03,0.8,2000.0,0.3986590876560908,-0.19891894585763673,0.1999870855430603,-0.3986590876560908
0.03,0.7000000000000001,1500.0,0.3985173479664081,-0.19731675774111804,0.19116000009948456,-0.3985173479664081
0.04,0.8,1500.0,0.39824833928452286,-0.1898827656156211,0.18748358369668058,-0.39824833928452286
0.02,0.4,1500.0,0.39824833928452286,-0.1898827656156211,0.18748358369668058,-0.39824833928452286
0.01,0.2,1500.0,0.39824833928452286,-0.1898827656156211,0.18748358369668058,-0.39824833928452286
0.03,0.6,1500.0,0.3982483392845224,-0.18988276561562123,0.18748358369668022,-0.3982483392845224
0.02,0.8,1000.0,0.39424860381663573,-0.19488121974629266,0.18447740504809462,-0.39424860381663573
0.01,0.4,1000.0,0.39424860381663573,-0.19488121974629266,0.18447740504809462,-0.39424860381663573
0.05,0.7000000000000001,2000.0,0.39068503353674067,-0.18002516249811887,0.18002857686641036,-0.39068503353674067
0.02,0.5,1500.0,0.38527946207617825,-0.19172176110109967,0.18204229489767532,-0.38527946207617825
0.02,0.30000000000000004,2000.0,0.38499422035996383,-0.1864981404713569,0.18096989420870105,-0.38499422035996383
0.04,0.6,2000.0,0.38499422035996317,-0.18649814047135688,0.1809698942087025,-0.38499422035996317
0.01,0.6,1500.0,0.38475519213346737,-0.18821941347716714,0.17121851504581773,-0.38475519213346737
0.03,0.5,2000.0,0.38465814935286896,-0.19718995733347228,0.18656690780290028,-0.38465814935286896
0.04,0.7000000000000001,2000.0,0.3828664628404689,-0.20249117023339283,0.18818769827494508,-0.3828664628404689
0.060000000000000005,0.8,2000.0,0.3816860573099932,-0.19372649001923103,0.1789144694404984,-0.3816860573099932
0.03,0.4,2000.0,0.38168605730999144,-0.19372649001923103,0.17891446944049821,-0.38168605730999144
0.03,0.8,1500.0,0.38024574466605576,-0.19967814965616107,0.18226483138104232,-0.38024574466605576
0.05,0.8,2000.0,0.37535909524052097,-0.19292760526801034,0.17715556261102355,-0.37535909524052097
0.01,0.7000000000000001,1500.0,0.37212170559871766,-0.16098848534440108,0.14288973414668926,-0.37212170559871766
0.01,0.30000000000000004,2000.0,0.3708355071168704,-0.19928815767978128,0.17960930063819977,-0.3708355071168704
0.02,0.6,2000.0,0.37083550711686913,-0.19928815767978128,0.17960930063820016,-0.37083550711686913
0.02,0.7000000000000001,1000.0,0.36697563467141076,-0.20114145491370067,0.17159812148033524,-0.36697563467141076
0.02,0.7000000000000001,2000.0,0.34361552091760533,-0.20149320999582754,0.16331326735888615,-0.34361552091760533
0.01,0.7000000000000001,2000.0,0.3379100079819818,-0.16902084408639048,0.13383960866215183,-0.3379100079819818
0.01,0.8,1500.0,0.33529528635622696,-0.1536190612218404,0.12210788859251316,-0.33529528635622696
0.01,0.5,2000.0,0.2444718402879899,-0.18721685388267673,0.08920207969645799,-0.2444718402879899
0.01,0.6,2000.0,0.23737709878014399,-0.179677868679349,0.08495941789071822,-0.23737709878014399
